Domain,Convex module,Convex export,Kind,Source,Frontend callers,Tables,Indexes,Authorization,Tenant scope,Side effects,Decision,Next service,Next endpoint/action,Request contract,Response contract,Migration script,Tests,Status,Owner,Cutover,Rollback
reporting,analytics,getDashboardData,query,convex/analytics.ts:4,,cases | clients | expenses | invoices | leads | timeEntries | users,,requireRole; roles=admin|partner,no explicit tenant scope detected,,migrate,TBD,/api/v1 TBD,{},"observed return expressions: { totalRevenue, realizationRate, avgCaseValue, totalCases, totalClients: clients.filter((c) => c.isActive).length, outstanding, totalExpenses, openLeads: leads.filter((l) => l.status === ""new"" || l.status === ""contacted"").length, revenueByPractice, hoursByAssociate, monthlyRevenue, casesByStatus, kpis: { activeCases: cases.filter((c) => c.status === ""active"").length, totalClients: clients.filter((c) => c.isActive).length, revenue: totalRevenue, outstanding, totalExpenses, }, }",TBD,TBD,inventoried,TBD,TBD,restore Convex authority per rollback-runbook.md
appointments,appointments,assignLawyerToAppointment,mutation,convex/appointments.ts:113,,,,requireRole; roles=admin,no explicit tenant scope detected,database patch,migrate,TBD,/api/v1 TBD,"{ id: v.id(""appointments""), assignedLawyerId: v.id(""users""), }",observed return expressions: { success: true },TBD,TBD,inventoried,TBD,TBD,restore Convex authority per rollback-runbook.md
appointments,appointments,bookConsultation,mutation,convex/appointments.ts:150,,appointments,,requireAuth,no explicit tenant scope detected,inserts: appointments,migrate,TBD,/api/v1 TBD,"{ clientName: v.string(), clientEmail: v.optional(v.string()), clientPhone: v.string(), clientId: v.optional(v.id(""clients"")), practiceArea: v.string(), date: v.string(), timeSlot: v.string(), notes: v.optional(v.string()), assignedLawyerId: v.optional(v.id(""users"")), }","observed return expressions: ctx.db.insert(""appointments"", { ...args, status: ""pending"", })",TBD,TBD,inventoried,TBD,TBD,restore Convex authority per rollback-runbook.md
appointments,appointments,createAppointment,mutation,convex/appointments.ts:32,,appointments,,no explicit auth helper detected,no explicit tenant scope detected,communication | inserts: appointments,migrate,TBD,/api/v1 TBD,"{ clientName: v.string(), clientEmail: v.optional(v.union(v.string(), v.literal(""""))), clientPhone: v.string(), practiceArea: v.string(), date: v.string(), timeSlot: v.string(), notes: v.optional(v.string()), assignedLawyerId: v.optional(v.id(""users"")), }",observed return expressions: appointmentId,TBD,TBD,inventoried,TBD,TBD,restore Convex authority per rollback-runbook.md
appointments,appointments,listAppointments,query,convex/appointments.ts:6,,appointments,by_assigned_lawyer | by_status,no explicit auth helper detected,no explicit tenant scope detected,,migrate,TBD,/api/v1 TBD,"{ status: v.optional(v.string()), assignedLawyerId: v.optional(v.id(""users"")), }","observed return expressions: appointments.sort((a, b) => new Date(a.date).getTime() - new Date(b.date).getTime())",TBD,TBD,inventoried,TBD,TBD,restore Convex authority per rollback-runbook.md
appointments,appointments,listAvailableSlots,query,convex/appointments.ts:181,,appointments,by_date,no explicit auth helper detected,no explicit tenant scope detected,,migrate,TBD,/api/v1 TBD,"{ date: v.string(), assignedLawyerId: v.optional(v.id(""users"")), }",observed return expressions: base.filter((s) => !taken.has(s)),TBD,TBD,inventoried,TBD,TBD,restore Convex authority per rollback-runbook.md
appointments,appointments,listClientAppointments,query,convex/appointments.ts:171,,appointments,,requireAuth,no explicit tenant scope detected,,migrate,TBD,/api/v1 TBD,"{ clientId: v.optional(v.id(""clients"")) }",observed return expressions: all | all.filter((a) => a.clientId === args.clientId),TBD,TBD,inventoried,TBD,TBD,restore Convex authority per rollback-runbook.md
appointments,appointments,rescheduleAppointment,mutation,convex/appointments.ts:130,,,,requireRole; roles=admin,no explicit tenant scope detected,database patch,migrate,TBD,/api/v1 TBD,"{ id: v.id(""appointments""), date: v.string(), timeSlot: v.string(), }",observed return expressions: { success: true },TBD,TBD,inventoried,TBD,TBD,restore Convex authority per rollback-runbook.md
appointments,appointments,updateAppointmentStatus,mutation,convex/appointments.ts:60,,auditLog | notifications,,requireRole; roles=admin,no explicit tenant scope detected,audit | communication | database patch | inserts: auditLog|notifications | notification,migrate,TBD,/api/v1 TBD,"{ id: v.id(""appointments""), status: v.union(v.literal(""pending""), v.literal(""confirmed""), v.literal(""completed""), v.literal(""cancelled"")), meetingLink: v.optional(v.string()), }",observed return expressions: { success: true },TBD,TBD,inventoried,TBD,TBD,restore Convex authority per rollback-runbook.md
administration,auditLog,getDocumentAuditLog,query,convex/auditLog.ts:22,,auditLog,by_resource,requireAuth,no explicit tenant scope detected,audit,migrate,TBD,/api/v1 TBD,"{ documentId: v.id(""documents"") }","observed return expressions: Promise.all(docLogs.map(async (log) => { const user = await ctx.db.get(log.userId); return { ...log, userName: user?.name || ""System"", userRole: user?.role || ""System"", } }))",TBD,TBD,inventoried,TBD,TBD,restore Convex authority per rollback-runbook.md
administration,auditLog,listAuditLog,query,convex/auditLog.ts:5,,auditLog,by_user | by_resource,requireRole; roles=admin,no explicit tenant scope detected,audit,migrate,TBD,/api/v1 TBD,"{ userId: v.optional(v.id(""users"")), resource: v.optional(v.string()), }","observed return expressions: ctx.db.query(""auditLog"").order(""desc"").take(200) | ctx.db.query(""auditLog"").withIndex(""by_resource"", (q) => q.eq(""resource"", args.resource!)).order(""desc"").take(200) | ctx.db.query(""auditLog"").withIndex(""by_user"", (q) => q.eq(""userId"", args.userId!)).order(""desc"").take(200)",TBD,TBD,inventoried,TBD,TBD,restore Convex authority per rollback-runbook.md
administration,auditLog,writeAuditLog,mutation,convex/auditLog.ts:48,,auditLog,,requireAuth,no explicit tenant scope detected,audit | inserts: auditLog,migrate,TBD,/api/v1 TBD,"{ action: v.string(), resource: v.string(), resourceId: v.optional(v.string()), details: v.optional(v.string()), }","observed return expressions: ctx.db.insert(""auditLog"", { ...args, userId: user._id })",TBD,TBD,inventoried,TBD,TBD,restore Convex authority per rollback-runbook.md
matters,cases,checkConflict,query,convex/cases.ts:118,,cases | clients,,requireAuth,no explicit tenant scope detected,communication,migrate,TBD,/api/v1 TBD,{ query: v.string() },observed return expressions: { hits } | { hits: [] as any[] },TBD,TBD,inventoried,TBD,TBD,restore Convex authority per rollback-runbook.md
matters,cases,createCase,mutation,convex/cases.ts:67,,cases,,requireRole; roles=admin,no explicit tenant scope detected,inserts: cases,migrate,TBD,/api/v1 TBD,"{ caseNumber: v.string(), title: v.string(), description: v.optional(v.string()), practiceArea: v.string(), clientId: v.id(""clients""), assignedLawyerId: v.id(""users""), teamMemberIds: v.array(v.id(""users"")), court: v.optional(v.string()), judge: v.optional(v.string()), opposingCounsel: v.optional(v.string()), filingDate: v.optional(v.string()), }","observed return expressions: ctx.db.insert(""cases"", { ...args, status: ""active"", conflictChecked: false, })",TBD,TBD,inventoried,TBD,TBD,restore Convex authority per rollback-runbook.md
matters,cases,getCase,query,convex/cases.ts:45,,,,no explicit auth helper detected,no explicit tenant scope detected,,migrate,TBD,/api/v1 TBD,"{ caseId: v.id(""cases"") }",observed return expressions: ctx.db.get(args.caseId),TBD,TBD,inventoried,TBD,TBD,restore Convex authority per rollback-runbook.md
matters,cases,getCaseWithDetails,query,convex/cases.ts:54,,,,no explicit auth helper detected,no explicit tenant scope detected,,migrate,TBD,/api/v1 TBD,"{ caseId: v.id(""cases"") }","observed return expressions: null | { ...c, client, lawyer }",TBD,TBD,inventoried,TBD,TBD,restore Convex authority per rollback-runbook.md
matters,cases,listCases,query,convex/cases.ts:5,,cases | clients,by_user,requireAuth,no explicit tenant scope detected,,migrate,TBD,/api/v1 TBD,"{ status: v.optional(v.string()), clientId: v.optional(v.id(""clients"")), lawyerId: v.optional(v.id(""users"")), }",observed return expressions: rows,TBD,TBD,inventoried,TBD,TBD,restore Convex authority per rollback-runbook.md
matters,cases,markConflictChecked,mutation,convex/cases.ts:153,,,,requireRole; roles=admin,no explicit tenant scope detected,database patch,migrate,TBD,/api/v1 TBD,"{ caseId: v.id(""cases""), cleared: v.boolean(), }",observed return expressions: { success: true },TBD,TBD,inventoried,TBD,TBD,restore Convex authority per rollback-runbook.md
matters,cases,updateCase,mutation,convex/cases.ts:91,,,,requireRole; roles=admin,no explicit tenant scope detected,database patch,migrate,TBD,/api/v1 TBD,"{ caseId: v.id(""cases""), title: v.optional(v.string()), status: v.optional(v.union( v.literal(""inquiry""), v.literal(""active""), v.literal(""on_hold""), v.literal(""closed_won""), v.literal(""closed_lost""), )), court: v.optional(v.string()), judge: v.optional(v.string()), description: v.optional(v.string()), notes: v.optional(v.string()), opposingCounsel: v.optional(v.string()), conflictChecked: v.optional(v.boolean()), conflictClearedBy: v.optional(v.id(""users"")), }",void/no explicit return,TBD,TBD,inventoried,TBD,TBD,restore Convex authority per rollback-runbook.md
crm,chatbots,submitLead,mutation,convex/chatbots.ts:5,,leads,,no explicit auth helper detected,no explicit tenant scope detected,communication | inserts: leads,migrate,TBD,/api/v1 TBD,"{ fullName: v.string(), phone: v.optional(v.string()), email: v.optional(v.string()), message: v.optional(v.string()), practiceAreaInterest: v.optional(v.string()), }","observed return expressions: ctx.db.insert(""leads"", { fullName: args.fullName, phone: args.phone, email: args.email, message: args.message, practiceAreaInterest: args.practiceAreaInterest, source: ""website"", status: ""new"", })",TBD,TBD,inventoried,TBD,TBD,restore Convex authority per rollback-runbook.md
matters,clients,createClient,mutation,convex/clients.ts:86,,clients,,requireRole; roles=admin,no explicit tenant scope detected,inserts: clients,migrate,TBD,/api/v1 TBD,"{ type: v.union(v.literal(""individual""), v.literal(""corporate"")), fullName: v.string(), email: v.optional(v.string()), phone: v.optional(v.string()), address: v.optional(v.string()), companyName: v.optional(v.string()), registrationNumber: v.optional(v.string()), notes: v.optional(v.string()), userId: v.optional(v.id(""users"")), }","observed return expressions: ctx.db.insert(""clients"", { ...args, kycStatus: ""pending"", isActive: true })",TBD,TBD,inventoried,TBD,TBD,restore Convex authority per rollback-runbook.md
matters,clients,getClient,query,convex/clients.ts:27,,,,requireAuth,no explicit tenant scope detected,,migrate,TBD,/api/v1 TBD,"{ clientId: v.id(""clients"") }",observed return expressions: client | null,TBD,TBD,inventoried,TBD,TBD,restore Convex authority per rollback-runbook.md
matters,clients,getClientKycFileUrls,query,convex/clients.ts:54,,,,requireRole; roles=admin,no explicit tenant scope detected,storage: getUrl,migrate,TBD,/api/v1 TBD,"{ clientId: v.id(""clients"") }",observed return expressions: [] | result,TBD,TBD,inventoried,TBD,TBD,restore Convex authority per rollback-runbook.md
matters,clients,getMyClientRecord,query,convex/clients.ts:42,,clients,by_user,requireAuth,no explicit tenant scope detected,,migrate,TBD,/api/v1 TBD,{},"observed return expressions: ctx.db .query(""clients"") .withIndex(""by_user"", (q) => q.eq(""userId"", user._id)) .first()",TBD,TBD,inventoried,TBD,TBD,restore Convex authority per rollback-runbook.md
matters,clients,listClients,query,convex/clients.ts:19,,clients,,requireRole; roles=admin,no explicit tenant scope detected,,migrate,TBD,/api/v1 TBD,{},"observed return expressions: ctx.db.query(""clients"").collect()",TBD,TBD,inventoried,TBD,TBD,restore Convex authority per rollback-runbook.md
matters,clients,reviewKyc,mutation,convex/clients.ts:216,,auditLog,,requireRole; roles=admin,no explicit tenant scope detected,audit | database patch | inserts: auditLog | notification,migrate,TBD,/api/v1 TBD,"{ clientId: v.id(""clients""), decision: v.union(v.literal(""verified""), v.literal(""rejected"")), rejectionReason: v.optional(v.string()), }",observed return expressions: { success: true },TBD,TBD,inventoried,TBD,TBD,restore Convex authority per rollback-runbook.md
matters,clients,submitKyc,mutation,convex/clients.ts:139,,auditLog | clients,by_user,requireAuth,no explicit tenant scope detected,audit | database patch | inserts: auditLog | notification,migrate,TBD,/api/v1 TBD,"{ clientId: v.optional(v.id(""clients"")), files: v.array(kycFileValidator), address: v.string(), idNumber: v.string(), consentAccepted: v.boolean(), }",observed return expressions: { success: true },TBD,TBD,inventoried,TBD,TBD,restore Convex authority per rollback-runbook.md
matters,clients,updateClient,mutation,convex/clients.ts:104,,,,requireAuth,no explicit tenant scope detected,database patch,migrate,TBD,/api/v1 TBD,"{ clientId: v.id(""clients""), fullName: v.optional(v.string()), email: v.optional(v.string()), phone: v.optional(v.string()), address: v.optional(v.string()), isActive: v.optional(v.boolean()), userId: v.optional(v.id(""users"")), notes: v.optional(v.string()), }",observed return expressions: void,TBD,TBD,inventoried,TBD,TBD,restore Convex authority per rollback-runbook.md
website,cms,createBlogPost,mutation,convex/cms.ts:112,,blogPosts,,requireRole; roles=admin,no explicit tenant scope detected,inserts: blogPosts,migrate,TBD,/api/v1 TBD,"{ title: v.string(), slug: v.string(), category: v.string(), excerpt: v.string(), content: v.string(), coverImageUrl: v.optional(v.string()), author: v.string(), status: v.union(v.literal(""draft""), v.literal(""published"")), publishDate: v.string(), seoTitle: v.optional(v.string()), seoDescription: v.optional(v.string()), }","observed return expressions: ctx.db.insert(""blogPosts"", args)",TBD,TBD,inventoried,TBD,TBD,restore Convex authority per rollback-runbook.md
website,cms,createCareer,mutation,convex/cms.ts:186,,careers,,requireRole; roles=admin,no explicit tenant scope detected,inserts: careers,migrate,TBD,/api/v1 TBD,"{ title: v.string(), department: v.string(), location: v.string(), type: v.union(v.literal(""full_time""), v.literal(""part_time""), v.literal(""contract""), v.literal(""internship"")), description: v.string(), requirements: v.array(v.string()), isActive: v.boolean(), postedDate: v.string(), }","observed return expressions: ctx.db.insert(""careers"", args)",TBD,TBD,inventoried,TBD,TBD,restore Convex authority per rollback-runbook.md
website,cms,createJobApplication,mutation,convex/cms.ts:392,,jobApplications,,no explicit auth helper detected,no explicit tenant scope detected,inserts: jobApplications,migrate,TBD,/api/v1 TBD,"{ jobId: v.id(""careers""), applicantName: v.string(), email: v.string(), phone: v.string(), resumeUrl: v.optional(v.string()), coverLetter: v.optional(v.string()), }","observed return expressions: ctx.db.insert(""jobApplications"", { ...args, status: ""new"", appliedDate: new Date().toISOString(), })",TBD,TBD,inventoried,TBD,TBD,restore Convex authority per rollback-runbook.md
website,cms,createNavigationLink,mutation,convex/cms.ts:558,,navigation,,requireRole; roles=admin,no explicit tenant scope detected,inserts: navigation,migrate,TBD,/api/v1 TBD,"{ label: v.string(), url: v.string(), location: v.union(v.literal(""header""), v.literal(""footer_col_1""), v.literal(""footer_col_2"")), order: v.number(), isActive: v.boolean(), parentId: v.optional(v.id(""navigation"")), openInNewTab: v.optional(v.boolean()), }","observed return expressions: await ctx.db.insert(""navigation"", args)",TBD,TBD,inventoried,TBD,TBD,restore Convex authority per rollback-runbook.md
website,cms,createNewsAndAward,mutation,convex/cms.ts:348,,newsAndAwards,,requireRole; roles=admin,no explicit tenant scope detected,inserts: newsAndAwards,migrate,TBD,/api/v1 TBD,"{ title: v.string(), excerpt: v.string(), content: v.string(), date: v.string(), type: v.union(v.literal(""award""), v.literal(""press_release""), v.literal(""firm_news"")), linkUrl: v.optional(v.string()), imageUrl: v.optional(v.string()), }","observed return expressions: ctx.db.insert(""newsAndAwards"", args)",TBD,TBD,inventoried,TBD,TBD,restore Convex authority per rollback-runbook.md
website,cms,createPracticeArea,mutation,convex/cms.ts:53,,practiceAreas,,requireRole; roles=admin,no explicit tenant scope detected,inserts: practiceAreas,migrate,TBD,/api/v1 TBD,"{ title: v.string(), description: v.string(), icon: v.string(), slug: v.string(), isActive: v.boolean(), }","observed return expressions: ctx.db.insert(""practiceAreas"", args)",TBD,TBD,inventoried,TBD,TBD,restore Convex authority per rollback-runbook.md
website,cms,createResource,mutation,convex/cms.ts:280,,resources,,requireRole; roles=admin,no explicit tenant scope detected,inserts: resources,migrate,TBD,/api/v1 TBD,"{ title: v.string(), description: v.string(), category: v.string(), coverImageUrl: v.optional(v.string()), fileUrl: v.string(), isGated: v.boolean(), }","observed return expressions: ctx.db.insert(""resources"", { ...args, downloads: 0, publishedDate: new Date().toISOString(), })",TBD,TBD,inventoried,TBD,TBD,restore Convex authority per rollback-runbook.md
website,cms,createTestimonial,mutation,convex/cms.ts:444,,testimonials,,requireRole; roles=admin,no explicit tenant scope detected,inserts: testimonials,migrate,TBD,/api/v1 TBD,"{ clientName: v.string(), company: v.optional(v.string()), quote: v.string(), rating: v.optional(v.number()), isApproved: v.boolean(), avatarUrl: v.optional(v.string()), }","observed return expressions: ctx.db.insert(""testimonials"", args)",TBD,TBD,inventoried,TBD,TBD,restore Convex authority per rollback-runbook.md
website,cms,deleteBlogPost,mutation,convex/cms.ts:155,,,,requireRole; roles=admin,no explicit tenant scope detected,database delete,migrate,TBD,/api/v1 TBD,"{ id: v.id(""blogPosts""), }",observed return expressions: { success: true },TBD,TBD,inventoried,TBD,TBD,restore Convex authority per rollback-runbook.md
website,cms,deleteCareer,mutation,convex/cms.ts:223,,,,requireRole; roles=admin,no explicit tenant scope detected,database delete,migrate,TBD,/api/v1 TBD,"{ id: v.id(""careers"") }",observed return expressions: { success: true },TBD,TBD,inventoried,TBD,TBD,restore Convex authority per rollback-runbook.md
website,cms,deleteNavigationLink,mutation,convex/cms.ts:593,,navigation,by_parent,requireRole; roles=admin,no explicit tenant scope detected,database delete,migrate,TBD,/api/v1 TBD,"{ id: v.id(""navigation""), }",observed return expressions: { success: true },TBD,TBD,inventoried,TBD,TBD,restore Convex authority per rollback-runbook.md
website,cms,deleteNewsAndAward,mutation,convex/cms.ts:383,,,,requireRole; roles=admin,no explicit tenant scope detected,database delete,migrate,TBD,/api/v1 TBD,"{ id: v.id(""newsAndAwards"") }",observed return expressions: { success: true },TBD,TBD,inventoried,TBD,TBD,restore Convex authority per rollback-runbook.md
website,cms,deletePracticeArea,mutation,convex/cms.ts:84,,,,requireRole; roles=admin,no explicit tenant scope detected,database delete,migrate,TBD,/api/v1 TBD,"{ id: v.id(""practiceAreas""), }",observed return expressions: { success: true },TBD,TBD,inventoried,TBD,TBD,restore Convex authority per rollback-runbook.md
website,cms,deleteResource,mutation,convex/cms.ts:317,,,,requireRole; roles=admin,no explicit tenant scope detected,database delete,migrate,TBD,/api/v1 TBD,"{ id: v.id(""resources"") }",observed return expressions: { success: true },TBD,TBD,inventoried,TBD,TBD,restore Convex authority per rollback-runbook.md
website,cms,deleteTestimonial,mutation,convex/cms.ts:477,,,,requireRole; roles=admin,no explicit tenant scope detected,database delete,migrate,TBD,/api/v1 TBD,"{ id: v.id(""testimonials"") }",observed return expressions: { success: true },TBD,TBD,inventoried,TBD,TBD,restore Convex authority per rollback-runbook.md
website,cms,getBlogPostBySlug,query,convex/cms.ts:410,,blogPosts,by_slug,no explicit auth helper detected,no explicit tenant scope detected,,migrate,TBD,/api/v1 TBD,{ slug: v.string() },"observed return expressions: ctx.db .query(""blogPosts"") .withIndex(""by_slug"", (q) => q.eq(""slug"", args.slug)) .first()",TBD,TBD,inventoried,TBD,TBD,restore Convex authority per rollback-runbook.md
website,cms,getCareer,query,convex/cms.ts:179,,,,no explicit auth helper detected,no explicit tenant scope detected,,migrate,TBD,/api/v1 TBD,"{ id: v.id(""careers"") }",observed return expressions: ctx.db.get(args.id),TBD,TBD,inventoried,TBD,TBD,restore Convex authority per rollback-runbook.md
website,cms,getLegalPage,query,convex/cms.ts:486,,legalPages,by_slug,no explicit auth helper detected,no explicit tenant scope detected,,migrate,TBD,/api/v1 TBD,"{ slug: v.union(v.literal(""privacy-policy""), v.literal(""terms"")) }","observed return expressions: ctx.db .query(""legalPages"") .withIndex(""by_slug"", (q) => q.eq(""slug"", args.slug)) .first()",TBD,TBD,inventoried,TBD,TBD,restore Convex authority per rollback-runbook.md
website,cms,getSettings,query,convex/cms.ts:7,,cmsSettings,,no explicit auth helper detected,no explicit tenant scope detected,,migrate,TBD,/api/v1 TBD,{},observed return expressions: settings,TBD,TBD,inventoried,TBD,TBD,restore Convex authority per rollback-runbook.md
website,cms,incrementResourceDownload,mutation,convex/cms.ts:326,,,,no explicit auth helper detected,no explicit tenant scope detected,database patch,migrate,TBD,/api/v1 TBD,"{ id: v.id(""resources"") }",observed return expressions: void,TBD,TBD,inventoried,TBD,TBD,restore Convex authority per rollback-runbook.md
website,cms,listBlogPosts,query,convex/cms.ts:97,,blogPosts,by_status,no explicit auth helper detected,no explicit tenant scope detected,,migrate,TBD,/api/v1 TBD,"{ status: v.optional(v.union(v.literal(""published""), v.literal(""draft""))), }","observed return expressions: posts.sort((a, b) => new Date(b.publishDate).getTime() - new Date(a.publishDate).getTime())",TBD,TBD,inventoried,TBD,TBD,restore Convex authority per rollback-runbook.md
website,cms,listCareers,query,convex/cms.ts:167,,careers,by_status,no explicit auth helper detected,no explicit tenant scope detected,,migrate,TBD,/api/v1 TBD,"{ isActive: v.optional(v.boolean()), }","observed return expressions: jobs.sort((a, b) => new Date(b.postedDate).getTime() - new Date(a.postedDate).getTime())",TBD,TBD,inventoried,TBD,TBD,restore Convex authority per rollback-runbook.md
website,cms,listJobApplications,query,convex/cms.ts:232,,jobApplications,by_job | by_status,no explicit auth helper detected,no explicit tenant scope detected,,migrate,TBD,/api/v1 TBD,"{ jobId: v.optional(v.id(""careers"")), status: v.optional(v.union(v.literal(""new""), v.literal(""reviewed""), v.literal(""interviewed""), v.literal(""rejected""), v.literal(""hired""))), }","observed return expressions: enriched.sort((a, b) => new Date(b.appliedDate).getTime() - new Date(a.appliedDate).getTime())",TBD,TBD,inventoried,TBD,TBD,restore Convex authority per rollback-runbook.md
website,cms,listNavigationLinks,query,convex/cms.ts:546,,navigation,by_location,no explicit auth helper detected,no explicit tenant scope detected,,migrate,TBD,/api/v1 TBD,"{ location: v.optional(v.union(v.literal(""header""), v.literal(""footer_col_1""), v.literal(""footer_col_2""))), }","observed return expressions: links.sort((a, b) => a.order - b.order)",TBD,TBD,inventoried,TBD,TBD,restore Convex authority per rollback-runbook.md
website,cms,listNewsAndAwards,query,convex/cms.ts:336,,newsAndAwards,by_type,no explicit auth helper detected,no explicit tenant scope detected,,migrate,TBD,/api/v1 TBD,"{ type: v.optional(v.union(v.literal(""award""), v.literal(""press_release""), v.literal(""firm_news""))), }","observed return expressions: news.sort((a, b) => new Date(b.date).getTime() - new Date(a.date).getTime())",TBD,TBD,inventoried,TBD,TBD,restore Convex authority per rollback-runbook.md
website,cms,listPracticeAreas,query,convex/cms.ts:39,,practiceAreas,,no explicit auth helper detected,no explicit tenant scope detected,,migrate,TBD,/api/v1 TBD,"{ isActive: v.optional(v.boolean()), }",observed return expressions: areas | areas.filter(a => a.isActive === args.isActive),TBD,TBD,inventoried,TBD,TBD,restore Convex authority per rollback-runbook.md
website,cms,listPublicTeam,query,convex/cms.ts:420,,users,,no explicit auth helper detected,no explicit tenant scope detected,,migrate,TBD,/api/v1 TBD,{},"observed return expressions: users.filter( (u) => u.isPublicFacing && u.isActive && u.role !== ""client"", )",TBD,TBD,inventoried,TBD,TBD,restore Convex authority per rollback-runbook.md
website,cms,listResources,query,convex/cms.ts:268,,resources,by_category,no explicit auth helper detected,no explicit tenant scope detected,,migrate,TBD,/api/v1 TBD,"{ category: v.optional(v.string()), }","observed return expressions: resources.sort((a, b) => new Date(b.publishedDate).getTime() - new Date(a.publishedDate).getTime())",TBD,TBD,inventoried,TBD,TBD,restore Convex authority per rollback-runbook.md
website,cms,listTestimonials,query,convex/cms.ts:433,,testimonials,,no explicit auth helper detected,no explicit tenant scope detected,,migrate,TBD,/api/v1 TBD,{ isApproved: v.optional(v.boolean()) },observed return expressions: rows,TBD,TBD,inventoried,TBD,TBD,restore Convex authority per rollback-runbook.md
website,cms,reorderNavigationLinks,mutation,convex/cms.ts:609,,,,requireRole; roles=admin,no explicit tenant scope detected,database patch,migrate,TBD,/api/v1 TBD,"{ id1: v.id(""navigation""), order1: v.number(), id2: v.id(""navigation""), order2: v.number(), }",observed return expressions: { success: true },TBD,TBD,inventoried,TBD,TBD,restore Convex authority per rollback-runbook.md
website,cms,subscribeNewsletter,mutation,convex/cms.ts:517,,leads | newsletterSubscribers,by_email,no explicit auth helper detected,no explicit tenant scope detected,communication | database patch | inserts: leads|newsletterSubscribers,migrate,TBD,/api/v1 TBD,{ email: v.string() },"observed return expressions: { success: true, alreadySubscribed: false } | { success: true, alreadySubscribed: true }",TBD,TBD,inventoried,TBD,TBD,restore Convex authority per rollback-runbook.md
website,cms,updateBlogPost,mutation,convex/cms.ts:132,,,,requireRole; roles=admin,no explicit tenant scope detected,database patch,migrate,TBD,/api/v1 TBD,"{ id: v.id(""blogPosts""), title: v.string(), slug: v.string(), category: v.string(), excerpt: v.string(), content: v.string(), coverImageUrl: v.optional(v.string()), author: v.string(), status: v.union(v.literal(""draft""), v.literal(""published"")), publishDate: v.string(), seoTitle: v.optional(v.string()), seoDescription: v.optional(v.string()), }",observed return expressions: { success: true },TBD,TBD,inventoried,TBD,TBD,restore Convex authority per rollback-runbook.md
website,cms,updateCareer,mutation,convex/cms.ts:203,,,,requireRole; roles=admin,no explicit tenant scope detected,database patch,migrate,TBD,/api/v1 TBD,"{ id: v.id(""careers""), title: v.string(), department: v.string(), location: v.string(), type: v.union(v.literal(""full_time""), v.literal(""part_time""), v.literal(""contract""), v.literal(""internship"")), description: v.string(), requirements: v.array(v.string()), isActive: v.boolean(), postedDate: v.string(), }",observed return expressions: { success: true },TBD,TBD,inventoried,TBD,TBD,restore Convex authority per rollback-runbook.md
website,cms,updateJobApplicationStatus,mutation,convex/cms.ts:255,,,,requireRole; roles=admin,no explicit tenant scope detected,database patch,migrate,TBD,/api/v1 TBD,"{ id: v.id(""jobApplications""), status: v.union(v.literal(""new""), v.literal(""reviewed""), v.literal(""interviewed""), v.literal(""rejected""), v.literal(""hired"")), }",observed return expressions: { success: true },TBD,TBD,inventoried,TBD,TBD,restore Convex authority per rollback-runbook.md
website,cms,updateNavigationLink,mutation,convex/cms.ts:574,,,,requireRole; roles=admin,no explicit tenant scope detected,database patch,migrate,TBD,/api/v1 TBD,"{ id: v.id(""navigation""), label: v.optional(v.string()), url: v.optional(v.string()), location: v.optional(v.union(v.literal(""header""), v.literal(""footer_col_1""), v.literal(""footer_col_2""))), order: v.optional(v.number()), isActive: v.optional(v.boolean()), parentId: v.optional(v.id(""navigation"")), openInNewTab: v.optional(v.boolean()), }",observed return expressions: { success: true },TBD,TBD,inventoried,TBD,TBD,restore Convex authority per rollback-runbook.md
website,cms,updateNewsAndAward,mutation,convex/cms.ts:364,,,,requireRole; roles=admin,no explicit tenant scope detected,database patch,migrate,TBD,/api/v1 TBD,"{ id: v.id(""newsAndAwards""), title: v.optional(v.string()), excerpt: v.optional(v.string()), content: v.optional(v.string()), date: v.optional(v.string()), type: v.optional(v.union(v.literal(""award""), v.literal(""press_release""), v.literal(""firm_news""))), linkUrl: v.optional(v.string()), imageUrl: v.optional(v.string()), }",observed return expressions: { success: true },TBD,TBD,inventoried,TBD,TBD,restore Convex authority per rollback-runbook.md
website,cms,updatePracticeArea,mutation,convex/cms.ts:67,,,,requireRole; roles=admin,no explicit tenant scope detected,database patch,migrate,TBD,/api/v1 TBD,"{ id: v.id(""practiceAreas""), title: v.string(), description: v.string(), icon: v.string(), slug: v.string(), isActive: v.boolean(), }",observed return expressions: { success: true },TBD,TBD,inventoried,TBD,TBD,restore Convex authority per rollback-runbook.md
website,cms,updateResource,mutation,convex/cms.ts:299,,,,requireRole; roles=admin,no explicit tenant scope detected,database patch,migrate,TBD,/api/v1 TBD,"{ id: v.id(""resources""), title: v.optional(v.string()), description: v.optional(v.string()), category: v.optional(v.string()), coverImageUrl: v.optional(v.string()), fileUrl: v.optional(v.string()), isGated: v.optional(v.boolean()), }",observed return expressions: { success: true },TBD,TBD,inventoried,TBD,TBD,restore Convex authority per rollback-runbook.md
website,cms,updateSettings,mutation,convex/cms.ts:19,,cmsSettings,by_key,requireRole; roles=admin,no explicit tenant scope detected,database patch | inserts: cmsSettings,migrate,TBD,/api/v1 TBD,"{ settings: v.array(v.object({ key: v.string(), value: v.any() })), }",observed return expressions: { success: true },TBD,TBD,inventoried,TBD,TBD,restore Convex authority per rollback-runbook.md
website,cms,updateTestimonial,mutation,convex/cms.ts:459,,,,requireRole; roles=admin,no explicit tenant scope detected,database patch,migrate,TBD,/api/v1 TBD,"{ id: v.id(""testimonials""), clientName: v.optional(v.string()), company: v.optional(v.string()), quote: v.optional(v.string()), rating: v.optional(v.number()), isApproved: v.optional(v.boolean()), avatarUrl: v.optional(v.string()), }",observed return expressions: { success: true },TBD,TBD,inventoried,TBD,TBD,restore Convex authority per rollback-runbook.md
website,cms,upsertLegalPage,mutation,convex/cms.ts:496,,legalPages,by_slug,requireRole; roles=admin,no explicit tenant scope detected,database patch | inserts: legalPages,migrate,TBD,/api/v1 TBD,"{ slug: v.union(v.literal(""privacy-policy""), v.literal(""terms"")), title: v.string(), content: v.string(), }","observed return expressions: ctx.db.insert(""legalPages"", { ...args, updatedAt }) | existing._id",TBD,TBD,inventoried,TBD,TBD,restore Convex authority per rollback-runbook.md
communications,communications,listOutboundLog,query,convex/communications.ts:10,,auditLog,,requireRole; roles=admin,no explicit tenant scope detected,audit,migrate,TBD,/api/v1 TBD,{},"observed return expressions: logs .filter((l) => l.action.startsWith(""comms."")) .sort((a, b) => b._creationTime - a._creationTime) .slice(0, 100)",TBD,TBD,inventoried,TBD,TBD,restore Convex authority per rollback-runbook.md
communications,communications,sendEmail,mutation,convex/communications.ts:22,,auditLog | firmSettings,,requireRole; roles=admin,no explicit tenant scope detected,audit | communication | inserts: auditLog,migrate,TBD,/api/v1 TBD,"{ to: v.string(), subject: v.string(), body: v.string(), relatedId: v.optional(v.string()), }","observed return expressions: { success: true, delivered: provider !== ""none"", message: provider === ""none"" ? ""Email logged locally. Configure email provider in System Settings to send."" : ""Email dispatched via configured provider."", }",TBD,TBD,inventoried,TBD,TBD,restore Convex authority per rollback-runbook.md
communications,communications,sendHearingReminder,mutation,convex/communications.ts:97,,auditLog | firmSettings | notifications,,requireRole; roles=admin,no explicit tenant scope detected,audit | communication | inserts: auditLog|notifications | notification,migrate,TBD,/api/v1 TBD,"{ userId: v.id(""users""), hearingSummary: v.string(), phone: v.optional(v.string()), relatedId: v.optional(v.string()), }",observed return expressions: { success: true },TBD,TBD,inventoried,TBD,TBD,restore Convex authority per rollback-runbook.md
communications,communications,sendSms,mutation,convex/communications.ts:60,,auditLog | firmSettings,,requireRole; roles=admin,no explicit tenant scope detected,audit | communication | inserts: auditLog,migrate,TBD,/api/v1 TBD,"{ to: v.string(), body: v.string(), relatedId: v.optional(v.string()), }","observed return expressions: { success: true, delivered: provider !== ""none"", message: provider === ""none"" ? ""SMS logged locally. Configure Sparrow/Aakash/Twilio in System Settings to send."" : ""SMS dispatched via configured provider."", }",TBD,TBD,inventoried,TBD,TBD,restore Convex authority per rollback-runbook.md
matters,conflictChecks,listRecentChecks,query,convex/conflictChecks.ts:51,,conflictChecks,,no explicit auth helper detected,no explicit tenant scope detected,,migrate,TBD,/api/v1 TBD,{},observed return expressions: checks,TBD,TBD,inventoried,TBD,TBD,restore Convex authority per rollback-runbook.md
matters,conflictChecks,logSearch,mutation,convex/conflictChecks.ts:5,,conflictChecks | users,by_token,no explicit auth helper detected,no explicit tenant scope detected,inserts: conflictChecks,migrate,TBD,/api/v1 TBD,"{ searchQuery: v.string(), hitsCount: v.number(), runByName: v.string(), }",observed return expressions: checkId,TBD,TBD,inventoried,TBD,TBD,restore Convex authority per rollback-runbook.md
matters,conflictChecks,updateStatus,mutation,convex/conflictChecks.ts:37,,,,no explicit auth helper detected,no explicit tenant scope detected,database patch,migrate,TBD,/api/v1 TBD,"{ checkId: v.id(""conflictChecks""), status: v.union(v.literal(""cleared""), v.literal(""conflict"")), notes: v.optional(v.string()), }",void/no explicit return,TBD,TBD,inventoried,TBD,TBD,restore Convex authority per rollback-runbook.md
court,court,getPesi,query,convex/court.ts:9,,,,requireAuth,no explicit tenant scope detected,,migrate,TBD,/api/v1 TBD,"{ dateBs: v.optional(v.string()), court: v.optional(v.string()), }","observed return expressions: { available: false, message: ""Automated Pesi sync is not connected. Enter hearings manually or import when available."", items: [] as any[], }",TBD,TBD,inventoried,TBD,TBD,restore Convex authority per rollback-runbook.md
documents,documents,createDocument,mutation,convex/documents.ts:255,,auditLog | documents,by_firm,requireFirmId|requirePermission; capabilities=documents.upload,tenant/resource scope detected,async: runAfter | audit | inserts: auditLog|documents,migrate,TBD,/api/v1 TBD,"{ caseId: v.optional(v.id(""cases"")), title: v.string(), description: v.optional(v.string()), type: v.union( v.literal(""pleading""), v.literal(""affidavit""), v.literal(""contract""), v.literal(""poa""), v.literal(""correspondence""), v.literal(""evidence""), v.literal(""template""), v.literal(""court_filing""), v.literal(""notice""), v.literal(""memo""), v.literal(""other""), ), storageId: v.string(), mimeType: v.string(), sizeBytes: v.number(), sha256: v.optional(v.string()), searchableText: v.optional(v.string()), tags: v.optional(v.array(v.string())), isTemplate: v.boolean(), isPrivileged: v.boolean(), confidentialityLevel: v.optional(v.union( v.literal(""public""), v.literal(""internal""), v.literal(""confidential""), v.literal(""privileged""), )), physicalLocation: v.optional(v.string()), dateBs: v.optional(v.string()), parentDocumentId: v.optional(v.id(""documents"")), }",observed return expressions: docId,TBD,tests/characterization/document-security.test.mjs (partial),inventoried,TBD,TBD,restore Convex authority per rollback-runbook.md
documents,documents,createShareLink,mutation,convex/documents.ts:811,,auditLog | documentShares,,requireFirmId|requirePermission; capabilities=documents.share,tenant/resource scope detected,audit | inserts: auditLog|documentShares,migrate,TBD,/api/v1 TBD,"{ documentId: v.id(""documents""), expiresAt: v.optional(v.string()), password: v.optional(v.string()), allowDownload: v.optional(v.boolean()), maxDownloads: v.optional(v.number()), }",observed return expressions: token,TBD,tests/characterization/document-security.test.mjs (partial),inventoried,TBD,TBD,restore Convex authority per rollback-runbook.md
documents,documents,deleteDocument,mutation,convex/documents.ts:470,,,,requireFirmId|requirePermission; capabilities=records.dispose,tenant/resource scope detected,,migrate,TBD,/api/v1 TBD,"{ documentId: v.id(""documents"") }",void/no explicit return,TBD,tests/characterization/document-security.test.mjs (partial),inventoried,TBD,TBD,restore Convex authority per rollback-runbook.md
documents,documents,downloadSharedDocument,mutation,convex/documents.ts:901,,,,no explicit auth helper detected,no explicit tenant scope detected,database patch | storage: getUrl,migrate,TBD,/api/v1 TBD,"{ token: v.string(), password: v.optional(v.string()) }","observed return expressions: { isPasswordRequired: false as const, url } | { isPasswordRequired: true as const }",TBD,tests/characterization/document-security.test.mjs (partial),inventoried,TBD,TBD,restore Convex authority per rollback-runbook.md
documents,documents,generateUploadUrl,mutation,convex/documents.ts:481,,documentUploadRateLimits,by_user,requireFirmId|requirePermission; capabilities=documents.upload,tenant/resource scope detected,database patch | inserts: documentUploadRateLimits | storage: generateUploadUrl,migrate,TBD,/api/v1 TBD,{},observed return expressions: ctx.storage.generateUploadUrl(),TBD,tests/characterization/document-security.test.mjs (partial),inventoried,TBD,TBD,restore Convex authority per rollback-runbook.md
documents,documents,getDocument,query,convex/documents.ts:161,,,,requirePermission; capabilities=documents.read,no explicit tenant scope detected,,migrate,TBD,/api/v1 TBD,"{ documentId: v.id(""documents"") }",observed return expressions: doc | null,TBD,tests/characterization/document-security.test.mjs (partial),inventoried,TBD,TBD,restore Convex authority per rollback-runbook.md
documents,documents,getFileUrl,query,convex/documents.ts:504,,documents,by_firm,requireFirmId|requirePermission; capabilities=documents.read,tenant/resource scope detected,storage: getUrl,migrate,TBD,/api/v1 TBD,{ storageId: v.string() },observed return expressions: ctx.storage.getUrl(args.storageId as any),TBD,tests/characterization/document-security.test.mjs (partial),inventoried,TBD,TBD,restore Convex authority per rollback-runbook.md
documents,documents,getRecentDocuments,query,convex/documents.ts:224,,documents,by_firm,requireFirmId|requirePermission; capabilities=documents.read,tenant/resource scope detected,,migrate,TBD,/api/v1 TBD,{ limit: v.optional(v.number()) },"observed return expressions: docs.filter((d) => { if (d.isDeleted) return false; if (isStaff || isAdmin) { if (d.isPrivileged && !isAdmin && user.role !== ""partner"") return false; return true; } if (d.isPrivileged) return false; if (d.confidentialityLevel === ""internal"" || d.confidentialityLevel === ""privileged"") return false; return clientCanAccessDoc(d, user._id, caseIds); })",TBD,tests/characterization/document-security.test.mjs (partial),inventoried,TBD,TBD,restore Convex authority per rollback-runbook.md
documents,documents,getSharedDocument,mutation,convex/documents.ts:882,,,,no explicit auth helper detected,no explicit tenant scope detected,,migrate,TBD,/api/v1 TBD,"{ token: v.string(), password: v.optional(v.string()) }","observed return expressions: { isPasswordRequired: false, title: doc.title, type: doc.type, mimeType: doc.mimeType, sizeBytes: doc.sizeBytes, allowDownload: share.allowDownload !== false, } | { isPasswordRequired: true }",TBD,tests/characterization/document-security.test.mjs (partial),inventoried,TBD,TBD,restore Convex authority per rollback-runbook.md
documents,documents,getSignatureCertificate,query,convex/documents.ts:768,,,,requireAuth,no explicit tenant scope detected,communication | storage: getUrl,migrate,TBD,/api/v1 TBD,"{ documentId: v.id(""documents"") }","observed return expressions: null | { certificateVersion: ""completion-v1"", documentId: doc._id, title: doc.title, mimeType: doc.mimeType, signedAt: doc.signedAt, viewedAt: doc.viewedAt, signatureMethod: doc.signatureMethod, typedSignatureText: doc.typedSignatureText, signConsentVersion: doc.signConsentVersion, signConsentAt: doc.signConsentAt, documentSha256: doc.sha256, signerUserAgent: doc.signerUserAgent, signer: signer ? { userId: signer._id, name: signer.name, email: signer.email } : null, documentUrl, signatureArtifactUrl: artifactUrl, disclaimer: ""This certificate records an electronic acknowledgment in the Srimar Law portal. It is not a qualified cryptographic certificate under a PKI CA."", }",TBD,tests/characterization/document-security.test.mjs (partial),inventoried,TBD,TBD,restore Convex authority per rollback-runbook.md
documents,documents,hardDeleteDocument,mutation,convex/documents.ts:1001,,,,requireFirmId|requirePermission; capabilities=records.dispose,tenant/resource scope detected,,migrate,TBD,/api/v1 TBD,"{ documentId: v.id(""documents"") }",observed return expressions: { success: true },TBD,tests/characterization/document-security.test.mjs (partial),inventoried,TBD,TBD,restore Convex authority per rollback-runbook.md
documents,documents,listDocuments,query,convex/documents.ts:106,,documents,by_case | by_template | by_firm | by_case | by_firm,requireFirmId|requirePermission; capabilities=documents.read,tenant/resource scope detected,,migrate,TBD,/api/v1 TBD,"{ caseId: v.optional(v.id(""cases"")), isTemplate: v.optional(v.boolean()), inTrash: v.optional(v.boolean()), }","observed return expressions: [] | all.filter((d) => isVisible(d) && clientCanAccessDoc(d, user._id, caseIds)) | allDocs.filter(isVisible) | docs.filter((d) => d.firmId === firmId && isVisible(d)) | docs.filter((d) => isVisible(d) && clientCanAccessDoc(d, user._id, caseIds))",TBD,tests/characterization/document-security.test.mjs (partial),inventoried,TBD,TBD,restore Convex authority per rollback-runbook.md
documents,documents,listDocumentVersions,query,convex/documents.ts:421,,documents,by_firm,requireFirmId|requirePermission; capabilities=documents.read,tenant/resource scope detected,,migrate,TBD,/api/v1 TBD,"{ rootDocumentId: v.id(""documents"") }","observed return expressions: [] | versions.sort((a, b) => b.version - a.version)",TBD,tests/characterization/document-security.test.mjs (partial),inventoried,TBD,TBD,restore Convex authority per rollback-runbook.md
documents,documents,listShareLinks,query,convex/documents.ts:913,,documentShares,by_document,requireFirmId|requirePermission; capabilities=documents.share,tenant/resource scope detected,,migrate,TBD,/api/v1 TBD,"{ documentId: v.id(""documents"") }","observed return expressions: ctx.db.query(""documentShares"").withIndex(""by_document"", (q) => q.eq(""documentId"", args.documentId)).collect()",TBD,tests/characterization/document-security.test.mjs (partial),inventoried,TBD,TBD,restore Convex authority per rollback-runbook.md
documents,documents,markDocumentViewed,mutation,convex/documents.ts:601,,,,requireAuth|requireFirmId,tenant/resource scope detected,database patch,migrate,TBD,/api/v1 TBD,"{ documentId: v.id(""documents"") }",observed return expressions: { viewedAt: doc.viewedAt || viewedAt },TBD,tests/characterization/document-security.test.mjs (partial),inventoried,TBD,TBD,restore Convex authority per rollback-runbook.md
documents,documents,migrateLegacySecurityBoundary,mutation,convex/documents.ts:1014,,auditLog | cases | clients | documentShares | documentTags | documentUploadRateLimits | documents | firms | signatureEnvelopes | signatureRecipients | signingChallenges | users,,requireFirmId|requireRole; roles=admin,tenant/resource scope detected,audit | database patch | inserts: auditLog,migrate,TBD,/api/v1 TBD,{},"observed return expressions: { success: true, updated }",TBD,tests/characterization/document-security.test.mjs (partial),inventoried,TBD,TBD,restore Convex authority per rollback-runbook.md
documents,documents,requestSignature,mutation,convex/documents.ts:532,,auditLog,,requireFirmId|requirePermission; capabilities=documents.share,tenant/resource scope detected,audit | database patch | inserts: auditLog | notification,migrate,TBD,/api/v1 TBD,"{ documentId: v.id(""documents""), intendedSignerUserId: v.optional(v.id(""users"")), }","observed return expressions: { success: true, intendedSignerUserId }",TBD,tests/characterization/document-security.test.mjs (partial),inventoried,TBD,TBD,restore Convex authority per rollback-runbook.md
documents,documents,restoreDocument,mutation,convex/documents.ts:396,,auditLog,,requireFirmId|requirePermission; capabilities=documents.delete,tenant/resource scope detected,audit | database patch | inserts: auditLog,migrate,TBD,/api/v1 TBD,"{ documentId: v.id(""documents"") }",void/no explicit return,TBD,tests/characterization/document-security.test.mjs (partial),inventoried,TBD,TBD,restore Convex authority per rollback-runbook.md
documents,documents,revokeShareLink,mutation,convex/documents.ts:924,,auditLog,,requireFirmId|requirePermission; capabilities=documents.share,tenant/resource scope detected,audit | database patch | inserts: auditLog,migrate,TBD,/api/v1 TBD,"{ shareId: v.id(""documentShares"") }",observed return expressions: { success: true },TBD,tests/characterization/document-security.test.mjs (partial),inventoried,TBD,TBD,restore Convex authority per rollback-runbook.md
documents,documents,searchDocuments,query,convex/documents.ts:172,,documents,,requireFirmId|requirePermission; capabilities=documents.read,tenant/resource scope detected,,migrate,TBD,/api/v1 TBD,"{ query: v.string(), caseId: v.optional(v.id(""cases"")), type: v.optional(v.string()), tag: v.optional(v.string()), generalOnly: v.optional(v.boolean()), isDeleted: v.optional(v.boolean()), }","observed return expressions: docs.filter((d) => { if (args.tag && !d.tags.some((tag) => tag.toLowerCase() === args.tag!.toLowerCase())) return false; // 1. deleted check if (d.isDeleted && !args.isDeleted) return false; // 2. staff access check if (isStaff || isAdmin) { if (d.isPrivileged && !isAdmin && user.role !== ""partner"") return false; return true; } // 3. client access check if (d.isPrivileged) return false; if (d.confidentialityLevel === ""internal"" || d.confidentialityLevel === ""privileged"") return false; return clientCanAccessDoc(d, user._id, caseIds); })",TBD,tests/characterization/document-security.test.mjs (partial),inventoried,TBD,TBD,restore Convex authority per rollback-runbook.md
documents,documents,setLegalHold,mutation,convex/documents.ts:939,,auditLog,,requireFirmId|requirePermission; capabilities=legalHold.manage,tenant/resource scope detected,audit | database patch | inserts: auditLog,migrate,TBD,/api/v1 TBD,"{ documentId: v.id(""documents""), enabled: v.boolean(), reason: v.string() }",observed return expressions: { success: true },TBD,tests/characterization/document-security.test.mjs (partial),inventoried,TBD,TBD,restore Convex authority per rollback-runbook.md
documents,documents,setRetention,mutation,convex/documents.ts:962,,auditLog,,requireFirmId|requirePermission; capabilities=records.dispose,tenant/resource scope detected,audit | database patch | inserts: auditLog,migrate,TBD,/api/v1 TBD,"{ documentId: v.id(""documents""), policy: v.string(), retentionUntil: v.string() }",observed return expressions: { success: true },TBD,tests/characterization/document-security.test.mjs (partial),inventoried,TBD,TBD,restore Convex authority per rollback-runbook.md
documents,documents,signDocument,mutation,convex/documents.ts:621,,auditLog | signatureRecipients,by_envelope,requireAuth|requireFirmId,tenant/resource scope detected,audit | database patch | inserts: auditLog,migrate,TBD,/api/v1 TBD,"{ documentId: v.id(""documents""), signatureMethod: v.union(v.literal(""draw""), v.literal(""type""), v.literal(""upload"")), signatureArtifactStorageId: v.optional(v.string()), typedSignatureText: v.optional(v.string()), consentAccepted: v.boolean(), documentSha256: v.string(), userAgent: v.optional(v.string()), ipAddress: v.optional(v.string()), signatureNote: v.optional(v.string()), /** P3: verified OTP challenge required before sign */ otpChallengeId: v.id(""signingChallenges""), envelopeId: v.optional(v.id(""signatureEnvelopes"")), }","observed return expressions: { success: true, signedAt, consentVersion: SIGN_CONSENT_VERSION }",TBD,tests/characterization/document-security.test.mjs (partial),inventoried,TBD,TBD,restore Convex authority per rollback-runbook.md
documents,documents,trashDocument,mutation,convex/documents.ts:370,,auditLog,,requireFirmId|requirePermission; capabilities=documents.delete,tenant/resource scope detected,audit | database patch | inserts: auditLog,migrate,TBD,/api/v1 TBD,"{ documentId: v.id(""documents"") }",void/no explicit return,TBD,tests/characterization/document-security.test.mjs (partial),inventoried,TBD,TBD,restore Convex authority per rollback-runbook.md
documents,documents,triggerOCR,mutation,convex/documents.ts:980,,,,requireFirmId|requirePermission; capabilities=documents.upload,tenant/resource scope detected,database patch,migrate,TBD,/api/v1 TBD,"{ documentId: v.id(""documents"") }","observed return expressions: { success: true, text: simulatedText }",TBD,tests/characterization/document-security.test.mjs (partial),inventoried,TBD,TBD,restore Convex authority per rollback-runbook.md
documents,documentSecurity,completeScan,internalMutation,convex/documentSecurity.ts:68,,auditLog,,no explicit auth helper detected,tenant/resource scope detected,audit | database patch | inserts: auditLog,migrate,TBD,internal service/worker TBD,"{ documentId: v.id(""documents""), clean: v.boolean(), provider: v.string(), details: v.string(), sha256: v.optional(v.string()), }",observed return expressions: void,TBD,tests/characterization/document-security.test.mjs (partial),inventoried,TBD,TBD,restore Convex authority per rollback-runbook.md
documents,documentSecurity,getScanTarget,internalQuery,convex/documentSecurity.ts:48,,,,no explicit auth helper detected,no explicit tenant scope detected,storage: getUrl,migrate,TBD,internal service/worker TBD,"{ documentId: v.id(""documents"") }","observed return expressions: null | { doc, url }",TBD,tests/characterization/document-security.test.mjs (partial),inventoried,TBD,TBD,restore Convex authority per rollback-runbook.md
documents,documentSecurity,markScanning,internalMutation,convex/documentSecurity.ts:58,,,,no explicit auth helper detected,no explicit tenant scope detected,database patch,migrate,TBD,internal service/worker TBD,"{ documentId: v.id(""documents"") }",observed return expressions: false | true,TBD,tests/characterization/document-security.test.mjs (partial),inventoried,TBD,TBD,restore Convex authority per rollback-runbook.md
documents,documentSecurity,scanDocumentInternal,internalAction,convex/documentSecurity.ts:98,,,,no explicit auth helper detected,no explicit tenant scope detected,async: runMutation|runQuery,migrate,TBD,internal service/worker TBD,"{ documentId: v.id(""documents"") }",observed return expressions: void,TBD,tests/characterization/document-security.test.mjs (partial),inventoried,TBD,TBD,restore Convex authority per rollback-runbook.md
signatures,envelopes,createEnvelope,mutation,convex/envelopes.ts:64,,auditLog | signatureEnvelopes | signatureRecipients,,requireFirmId|requirePermission; capabilities=documents.share,tenant/resource scope detected,audit | inserts: auditLog|signatureEnvelopes|signatureRecipients,migrate,TBD,/api/v1 TBD,"{ documentId: v.id(""documents""), title: v.optional(v.string()), routing: v.union(v.literal(""sequential""), v.literal(""parallel"")), expiresAt: v.optional(v.string()), recipientUserIds: v.array(v.id(""users"")), }",observed return expressions: { envelopeId },TBD,TBD,inventoried,TBD,TBD,restore Convex authority per rollback-runbook.md
signatures,envelopes,declineEnvelope,mutation,convex/envelopes.ts:239,,auditLog,,requireAuth|requireFirmId,tenant/resource scope detected,audit | database patch | inserts: auditLog | notification,migrate,TBD,/api/v1 TBD,"{ envelopeId: v.id(""signatureEnvelopes""), reason: v.string(), }",observed return expressions: { success: true },TBD,TBD,inventoried,TBD,TBD,restore Convex authority per rollback-runbook.md
signatures,envelopes,getEnvelope,query,convex/envelopes.ts:376,,signatureRecipients,by_envelope,requireAuth|requireFirmId,tenant/resource scope detected,communication,migrate,TBD,/api/v1 TBD,"{ envelopeId: v.id(""signatureEnvelopes"") }","observed return expressions: null | { envelope, recipients: enriched, document: doc }",TBD,TBD,inventoried,TBD,TBD,restore Convex authority per rollback-runbook.md
signatures,envelopes,issueSigningOtp,mutation,convex/envelopes.ts:452,,signingChallenges,by_user_document,requireAuth|requireFirmId,tenant/resource scope detected,communication | database delete | database patch | inserts: signingChallenges | notification,migrate,TBD,/api/v1 TBD,"{ documentId: v.id(""documents""), envelopeId: v.optional(v.id(""signatureEnvelopes"")), }","observed return expressions: { challengeId, expiresAt, /** Returned for local/dev testing when email provider is not configured */ demoCode: code, }",TBD,TBD,inventoried,TBD,TBD,restore Convex authority per rollback-runbook.md
signatures,envelopes,listEnvelopes,query,convex/envelopes.ts:340,,signatureEnvelopes | signatureRecipients,by_firm | by_user,requireAuth|requireFirmId,tenant/resource scope detected,,migrate,TBD,/api/v1 TBD,"{ status: v.optional( v.union( v.literal(""draft""), v.literal(""sent""), v.literal(""completed""), v.literal(""declined""), v.literal(""voided""), v.literal(""expired""), ), ), }",observed return expressions: args.status ? all.filter((e) => e.status === args.status) : all | envelopes,TBD,TBD,inventoried,TBD,TBD,restore Convex authority per rollback-runbook.md
signatures,envelopes,listMyPendingEnvelopeActions,query,convex/envelopes.ts:412,,signatureRecipients,by_user,requireAuth|requireFirmId,tenant/resource scope detected,,migrate,TBD,/api/v1 TBD,{},observed return expressions: actions,TBD,TBD,inventoried,TBD,TBD,restore Convex authority per rollback-runbook.md
signatures,envelopes,listPortalSigners,query,convex/envelopes.ts:46,,users,by_firm,requireFirmId|requirePermission; capabilities=documents.share,tenant/resource scope detected,communication,migrate,TBD,/api/v1 TBD,{},"observed return expressions: users .filter((u) => u.isActive && !u.isPending) .map((u) => ({ _id: u._id, name: u.name, email: u.email, role: u.role, }))",TBD,TBD,inventoried,TBD,TBD,restore Convex authority per rollback-runbook.md
signatures,envelopes,remindEnvelope,mutation,convex/envelopes.ts:298,,auditLog,,requireFirmId|requirePermission; capabilities=documents.share,tenant/resource scope detected,audit | database patch | inserts: auditLog | notification,migrate,TBD,/api/v1 TBD,"{ envelopeId: v.id(""signatureEnvelopes"") }","observed return expressions: { success: true, reminded: pending.length }",TBD,TBD,inventoried,TBD,TBD,restore Convex authority per rollback-runbook.md
signatures,envelopes,sendEnvelope,mutation,convex/envelopes.ts:134,,auditLog,,requireFirmId|requirePermission; capabilities=documents.share,tenant/resource scope detected,audit | database patch | inserts: auditLog | notification,migrate,TBD,/api/v1 TBD,"{ envelopeId: v.id(""signatureEnvelopes"") }",observed return expressions: { success: true },TBD,TBD,inventoried,TBD,TBD,restore Convex authority per rollback-runbook.md
signatures,envelopes,verifySigningOtp,mutation,convex/envelopes.ts:521,,,,requireAuth|requireFirmId,tenant/resource scope detected,database patch,migrate,TBD,/api/v1 TBD,"{ challengeId: v.id(""signingChallenges""), code: v.string(), }","observed return expressions: { verified: true, challengeId: args.challengeId }",TBD,TBD,inventoried,TBD,TBD,restore Convex authority per rollback-runbook.md
signatures,envelopes,voidEnvelope,mutation,convex/envelopes.ts:202,,auditLog,,requireFirmId|requirePermission; capabilities=documents.share,tenant/resource scope detected,audit | database patch | inserts: auditLog,migrate,TBD,/api/v1 TBD,"{ envelopeId: v.id(""signatureEnvelopes""), reason: v.string(), }",observed return expressions: { success: true },TBD,TBD,inventoried,TBD,TBD,restore Convex authority per rollback-runbook.md
expenses,expenses,approve,mutation,convex/expenses.ts:73,,,,requireRole; roles=admin|partner,no explicit tenant scope detected,database patch,migrate,TBD,/api/v1 TBD,"{ id: v.id(""expenses""), status: v.union(v.literal(""approved""), v.literal(""rejected"")), approvedBy: v.optional(v.id(""users"")), }",observed return expressions: { success: true },TBD,TBD,inventoried,TBD,TBD,restore Convex authority per rollback-runbook.md
expenses,expenses,create,mutation,convex/expenses.ts:54,,expenses,,requireRole; roles=admin,no explicit tenant scope detected,inserts: expenses,migrate,TBD,/api/v1 TBD,"{ description: v.string(), category, amount: v.number(), caseId: v.optional(v.id(""cases"")), receiptId: v.optional(v.string()), date: v.string(), }","observed return expressions: ctx.db.insert(""expenses"", { ...args, submittedBy: user._id, status: ""pending"", })",TBD,TBD,inventoried,TBD,TBD,restore Convex authority per rollback-runbook.md
expenses,expenses,getStats,query,convex/expenses.ts:29,,expenses,,requireAuth,no explicit tenant scope detected,,migrate,TBD,/api/v1 TBD,{},"observed return expressions: { total, approved, pending, caseLinked, byCategory, count: rows.length, pendingCount: rows.filter((e) => e.status === ""pending"").length, }",TBD,TBD,inventoried,TBD,TBD,restore Convex authority per rollback-runbook.md
expenses,expenses,list,query,convex/expenses.ts:11,,expenses,,requireAuth,no explicit tenant scope detected,,migrate,TBD,/api/v1 TBD,"{ category: v.optional(v.string()), status: v.optional(v.string()), }","observed return expressions: rows.sort((a, b) => b.date.localeCompare(a.date))",TBD,TBD,inventoried,TBD,TBD,restore Convex authority per rollback-runbook.md
expenses,expenses,remove,mutation,convex/expenses.ts:89,,,,requireRole; roles=admin|partner,no explicit tenant scope detected,database delete,migrate,TBD,/api/v1 TBD,"{ id: v.id(""expenses"") }",observed return expressions: { success: true },TBD,TBD,inventoried,TBD,TBD,restore Convex authority per rollback-runbook.md
court,hearings,createHearing,mutation,convex/hearings.ts:17,,hearings,,requireRole; roles=admin,no explicit tenant scope detected,inserts: hearings,migrate,TBD,/api/v1 TBD,"{ caseId: v.id(""cases""), court: v.string(), judge: v.optional(v.string()), dateGregorian: v.string(), dateBs: v.string(), time: v.optional(v.string()), purpose: v.optional(v.string()), notes: v.optional(v.string()), }","observed return expressions: ctx.db.insert(""hearings"", { ...args, status: ""scheduled"" })",TBD,TBD,inventoried,TBD,TBD,restore Convex authority per rollback-runbook.md
court,hearings,listHearings,query,convex/hearings.ts:5,,hearings,by_case,no explicit auth helper detected,no explicit tenant scope detected,,migrate,TBD,/api/v1 TBD,"{ caseId: v.optional(v.id(""cases"")) }","observed return expressions: ctx.db.query(""hearings"").order(""asc"").collect() | ctx.db.query(""hearings"").withIndex(""by_case"", (q) => q.eq(""caseId"", args.caseId!)).collect()",TBD,TBD,inventoried,TBD,TBD,restore Convex authority per rollback-runbook.md
court,hearings,updateHearing,mutation,convex/hearings.ts:34,,,,requireRole; roles=admin,no explicit tenant scope detected,database patch,migrate,TBD,/api/v1 TBD,"{ hearingId: v.id(""hearings""), outcome: v.optional(v.string()), nextDateGregorian: v.optional(v.string()), nextDateBs: v.optional(v.string()), status: v.optional(v.union( v.literal(""scheduled""), v.literal(""completed""), v.literal(""adjourned""), v.literal(""cancelled""), )), notes: v.optional(v.string()), }",void/no explicit return,TBD,TBD,inventoried,TBD,TBD,restore Convex authority per rollback-runbook.md
hr,hr,createLeaveRequest,mutation,convex/hr.ts:68,,leaveRequests,,requireRole; roles=admin,no explicit tenant scope detected,inserts: leaveRequests,migrate,TBD,/api/v1 TBD,"{ type: v.union( v.literal(""annual""), v.literal(""sick""), v.literal(""maternity""), v.literal(""paternity""), v.literal(""unpaid""), ), fromDate: v.string(), toDate: v.string(), reason: v.optional(v.string()), }","observed return expressions: ctx.db.insert(""leaveRequests"", { ...args, userId: user._id, status: ""pending"" })",TBD,TBD,inventoried,TBD,TBD,restore Convex authority per rollback-runbook.md
hr,hr,generatePayroll,query,convex/hr.ts:99,,users,,requireRole; roles=admin,no explicit tenant scope detected,,migrate,TBD,/api/v1 TBD,{},"observed return expressions: staff.map((u) => { const gross = u.baseSalary || 0; const pfEmployee = Math.round(gross * 0.1); const pfEmployer = Math.round(gross * 0.1); const ssfEmployer = Math.round(gross * 0.0333); // Simplified progressive tax on taxable (gross - pfEmployee) const taxable = Math.max(0, gross - pfEmployee); let tax = 0; if (taxable > 500000) tax += (taxable - 500000) * 0.2; else if (taxable > 200000) tax += (taxable - 200000) * 0.1; tax = Math.round(tax); const net = gross - pfEmployee - tax; return { userId: u._id, name: u.name || ""Staff"", role: u.role, gross, pf: pfEmployee, pfEmployer, ssf: ssfEmployer, tax, net, }; })",TBD,TBD,inventoried,TBD,TBD,restore Convex authority per rollback-runbook.md
hr,hr,listAttendance,query,convex/hr.ts:5,,attendance,by_user | by_date,no explicit auth helper detected,no explicit tenant scope detected,,migrate,TBD,/api/v1 TBD,"{ userId: v.optional(v.id(""users"")), date: v.optional(v.string()), }","observed return expressions: ctx.db.query(""attendance"").collect() | ctx.db.query(""attendance"").withIndex(""by_date"", (q) => q.eq(""date"", args.date!)).collect() | ctx.db.query(""attendance"").withIndex(""by_user"", (q) => q.eq(""userId"", args.userId!)).collect()",TBD,TBD,inventoried,TBD,TBD,restore Convex authority per rollback-runbook.md
hr,hr,listLeaveRequests,query,convex/hr.ts:48,,leaveRequests,by_user | by_status,no explicit auth helper detected,no explicit tenant scope detected,,migrate,TBD,/api/v1 TBD,"{ userId: v.optional(v.id(""users"")), status: v.optional(v.union( v.literal(""pending""), v.literal(""approved""), v.literal(""rejected""), )), }","observed return expressions: ctx.db.query(""leaveRequests"").collect() | ctx.db.query(""leaveRequests"").withIndex(""by_status"", (q) => q.eq(""status"", args.status!)).collect() | ctx.db.query(""leaveRequests"").withIndex(""by_user"", (q) => q.eq(""userId"", args.userId!)).collect()",TBD,TBD,inventoried,TBD,TBD,restore Convex authority per rollback-runbook.md
hr,hr,reviewLeaveRequest,mutation,convex/hr.ts:84,,,,requireRole; roles=admin,no explicit tenant scope detected,database patch,migrate,TBD,/api/v1 TBD,"{ leaveRequestId: v.id(""leaveRequests""), status: v.union(v.literal(""approved""), v.literal(""rejected"")), }",void/no explicit return,TBD,TBD,inventoried,TBD,TBD,restore Convex authority per rollback-runbook.md
hr,hr,setBaseSalary,mutation,convex/hr.ts:135,,,,requireRole; roles=admin,no explicit tenant scope detected,database patch,migrate,TBD,/api/v1 TBD,"{ userId: v.id(""users""), baseSalary: v.number(), }",observed return expressions: { success: true },TBD,TBD,inventoried,TBD,TBD,restore Convex authority per rollback-runbook.md
hr,hr,upsertAttendance,mutation,convex/hr.ts:23,,attendance,by_user,requireRole; roles=admin,no explicit tenant scope detected,database patch | inserts: attendance,migrate,TBD,/api/v1 TBD,"{ userId: v.id(""users""), date: v.string(), clockIn: v.optional(v.string()), clockOut: v.optional(v.string()), status: v.union( v.literal(""present""), v.literal(""absent""), v.literal(""half_day""), v.literal(""leave""), ), }","observed return expressions: ctx.db.insert(""attendance"", args) | existing._id",TBD,TBD,inventoried,TBD,TBD,restore Convex authority per rollback-runbook.md
invoices,invoices,addLineItem,mutation,convex/invoices.ts:79,,invoiceLineItems,,requireRole; roles=admin,no explicit tenant scope detected,inserts: invoiceLineItems,migrate,TBD,/api/v1 TBD,"{ invoiceId: v.id(""invoices""), description: v.string(), quantity: v.number(), unitPrice: v.number(), amount: v.number(), type: v.union(v.literal(""time""), v.literal(""fixed""), v.literal(""expense"")), }","observed return expressions: ctx.db.insert(""invoiceLineItems"", args)",TBD,TBD,inventoried,TBD,TBD,restore Convex authority per rollback-runbook.md
invoices,invoices,createInvoice,mutation,convex/invoices.ts:36,,invoices,,requireRole; roles=admin,no explicit tenant scope detected,inserts: invoices,migrate,TBD,/api/v1 TBD,"{ invoiceNumber: v.string(), caseId: v.id(""cases""), clientId: v.id(""clients""), subtotal: v.number(), vatAmount: v.number(), total: v.number(), issuedDate: v.string(), dueDate: v.string(), notes: v.optional(v.string()), }","observed return expressions: ctx.db.insert(""invoices"", { ...args, status: ""draft"" })",TBD,TBD,inventoried,TBD,TBD,restore Convex authority per rollback-runbook.md
invoices,invoices,createInvoiceFromTimeEntries,mutation,convex/invoices.ts:122,,invoiceLineItems | invoices | timeEntries,by_case,requireRole; roles=admin,no explicit tenant scope detected,database patch | inserts: invoiceLineItems|invoices,migrate,TBD,/api/v1 TBD,"{ caseId: v.id(""cases""), clientId: v.id(""clients""), dueDate: v.string(), notes: v.optional(v.string()), timeEntryIds: v.optional(v.array(v.id(""timeEntries""))), }",observed return expressions: invoiceId,TBD,TBD,inventoried,TBD,TBD,restore Convex authority per rollback-runbook.md
invoices,invoices,createTrustTransaction,mutation,convex/invoices.ts:106,,trustTransactions,,requireRole; roles=admin,no explicit tenant scope detected,inserts: trustTransactions,migrate,TBD,/api/v1 TBD,"{ clientId: v.id(""clients""), caseId: v.optional(v.id(""cases"")), type: v.union(v.literal(""receipt""), v.literal(""disbursement"")), amount: v.number(), description: v.string(), date: v.string(), balance: v.number(), }","observed return expressions: ctx.db.insert(""trustTransactions"", { ...args, approvedBy: user._id })",TBD,TBD,inventoried,TBD,TBD,restore Convex authority per rollback-runbook.md
invoices,invoices,getInvoice,query,convex/invoices.ts:27,,,,no explicit auth helper detected,no explicit tenant scope detected,,migrate,TBD,/api/v1 TBD,"{ invoiceId: v.id(""invoices"") }",observed return expressions: ctx.db.get(args.invoiceId),TBD,TBD,inventoried,TBD,TBD,restore Convex authority per rollback-runbook.md
invoices,invoices,initiateGatewayPayment,mutation,convex/invoices.ts:226,,payments,,no explicit auth helper detected,no explicit tenant scope detected,inserts: payments,migrate,TBD,/api/v1 TBD,"{ invoiceId: v.id(""invoices""), gateway: v.union(v.literal(""esewa""), v.literal(""khalti""), v.literal(""connectips"")), }","observed return expressions: { paymentId, gateway: args.gateway, amount: invoice.total, invoiceNumber: invoice.invoiceNumber, // Client should complete via gateway then call payInvoice with reference nextStep: ""redirect_or_confirm"", }",TBD,TBD,inventoried,TBD,TBD,restore Convex authority per rollback-runbook.md
invoices,invoices,listInvoices,query,convex/invoices.ts:5,,invoices,by_case | by_client,no explicit auth helper detected,no explicit tenant scope detected,,migrate,TBD,/api/v1 TBD,"{ caseId: v.optional(v.id(""cases"")), clientId: v.optional(v.id(""clients"")), status: v.optional(v.union( v.literal(""draft""), v.literal(""sent""), v.literal(""paid""), v.literal(""overdue""), v.literal(""cancelled""), )), }","observed return expressions: ctx.db.query(""invoices"").collect() | ctx.db.query(""invoices"").withIndex(""by_case"", (q) => q.eq(""caseId"", args.caseId!)).collect() | ctx.db.query(""invoices"").withIndex(""by_client"", (q) => q.eq(""clientId"", args.clientId!)).collect()",TBD,TBD,inventoried,TBD,TBD,restore Convex authority per rollback-runbook.md
invoices,invoices,listLineItems,query,convex/invoices.ts:70,,invoiceLineItems,by_invoice,no explicit auth helper detected,no explicit tenant scope detected,,migrate,TBD,/api/v1 TBD,"{ invoiceId: v.id(""invoices"") }","observed return expressions: ctx.db.query(""invoiceLineItems"").withIndex(""by_invoice"", (q) => q.eq(""invoiceId"", args.invoiceId)).collect()",TBD,TBD,inventoried,TBD,TBD,restore Convex authority per rollback-runbook.md
invoices,invoices,listTrustTransactions,query,convex/invoices.ts:94,,trustTransactions,by_client,no explicit auth helper detected,no explicit tenant scope detected,,migrate,TBD,/api/v1 TBD,"{ clientId: v.optional(v.id(""clients"")) }","observed return expressions: ctx.db.query(""trustTransactions"").collect() | ctx.db.query(""trustTransactions"").withIndex(""by_client"", (q) => q.eq(""clientId"", args.clientId!)).collect()",TBD,TBD,inventoried,TBD,TBD,restore Convex authority per rollback-runbook.md
invoices,invoices,payInvoice,mutation,convex/invoices.ts:179,,notifications | payments,,no explicit auth helper detected,no explicit tenant scope detected,database patch | inserts: notifications|payments | notification,migrate,TBD,/api/v1 TBD,"{ invoiceId: v.id(""invoices""), gateway: v.optional(v.union( v.literal(""esewa""), v.literal(""khalti""), v.literal(""connectips""), v.literal(""bank_transfer""), v.literal(""cash""), )), referenceNumber: v.optional(v.string()), amount: v.optional(v.number()), }","observed return expressions: { success: true, paymentId }",TBD,TBD,inventoried,TBD,TBD,restore Convex authority per rollback-runbook.md
invoices,invoices,updateInvoiceStatus,mutation,convex/invoices.ts:54,,,,requireRole; roles=admin,no explicit tenant scope detected,database patch,migrate,TBD,/api/v1 TBD,"{ invoiceId: v.id(""invoices""), status: v.union( v.literal(""draft""), v.literal(""sent""), v.literal(""paid""), v.literal(""overdue""), v.literal(""cancelled""), ), paidDate: v.optional(v.string()), }",void/no explicit return,TBD,TBD,inventoried,TBD,TBD,restore Convex authority per rollback-runbook.md
crm,leads,convertToClient,mutation,convex/leads.ts:112,,clients,,requireRole; roles=admin,no explicit tenant scope detected,communication | database patch | inserts: clients,migrate,TBD,/api/v1 TBD,"{ leadId: v.id(""leads""), type: v.union(v.literal(""individual""), v.literal(""corporate"")), companyName: v.optional(v.string()), }",observed return expressions: { clientId },TBD,TBD,inventoried,TBD,TBD,restore Convex authority per rollback-runbook.md
crm,leads,createLead,mutation,convex/leads.ts:22,,leads,,no explicit auth helper detected,no explicit tenant scope detected,inserts: leads,migrate,TBD,/api/v1 TBD,"{ fullName: v.string(), email: v.optional(v.string()), phone: v.optional(v.string()), practiceAreaInterest: v.optional(v.string()), message: v.optional(v.string()), source: v.union( v.literal(""website""), v.literal(""referral""), v.literal(""walk_in""), v.literal(""phone""), v.literal(""social""), v.literal(""newsletter""), ), }","observed return expressions: ctx.db.insert(""leads"", { ...args, status: ""new"" })",TBD,TBD,inventoried,TBD,TBD,restore Convex authority per rollback-runbook.md
crm,leads,generateIntakeLink,mutation,convex/leads.ts:40,,,,requireRole; roles=admin,no explicit tenant scope detected,database patch,migrate,TBD,/api/v1 TBD,"{ leadId: v.id(""leads"") }","observed return expressions: { token, url: `/intake/${token}` }",TBD,TBD,inventoried,TBD,TBD,restore Convex authority per rollback-runbook.md
crm,leads,getIntakeByToken,query,convex/leads.ts:50,,leads,by_intake_token,no explicit auth helper detected,no explicit tenant scope detected,communication,migrate,TBD,/api/v1 TBD,{ token: v.string() },"observed return expressions: null | { _id: lead._id, fullName: lead.fullName, email: lead.email, phone: lead.phone, practiceAreaInterest: lead.practiceAreaInterest, intakeSubmitted: lead.intakeSubmitted ?? false, }",TBD,TBD,inventoried,TBD,TBD,restore Convex authority per rollback-runbook.md
crm,leads,listLeads,query,convex/leads.ts:140,,leads,,no explicit auth helper detected,no explicit tenant scope detected,,migrate,TBD,/api/v1 TBD,{ status: v.optional(v.string()) },"observed return expressions: ctx.db.query(""leads"").collect()",TBD,TBD,inventoried,TBD,TBD,restore Convex authority per rollback-runbook.md
crm,leads,submitIntake,mutation,convex/leads.ts:69,,leads,by_intake_token,no explicit auth helper detected,no explicit tenant scope detected,communication | database patch,migrate,TBD,/api/v1 TBD,"{ token: v.string(), fullName: v.string(), phone: v.string(), email: v.optional(v.string()), address: v.optional(v.string()), citizenshipNo: v.optional(v.string()), practiceArea: v.optional(v.string()), caseDescription: v.optional(v.string()), documentStorageIds: v.optional(v.array(v.string())), }","observed return expressions: { success: true, leadId: lead._id }",TBD,TBD,inventoried,TBD,TBD,restore Convex authority per rollback-runbook.md
crm,leads,updateLead,mutation,convex/leads.ts:5,,,,requireRole; roles=admin,no explicit tenant scope detected,database patch,migrate,TBD,/api/v1 TBD,"{ leadId: v.id(""leads""), status: v.optional(v.union( v.literal(""new""), v.literal(""contacted""), v.literal(""consultation_scheduled""), v.literal(""converted""), v.literal(""lost""), )), assignedTo: v.optional(v.id(""users"")), notes: v.optional(v.string()), }",void/no explicit return,TBD,TBD,inventoried,TBD,TBD,restore Convex authority per rollback-runbook.md
communications,messages,listMessages,query,convex/messages.ts:6,,messages | users,by_token | by_case,no explicit auth helper detected,no explicit tenant scope detected,,migrate,TBD,/api/v1 TBD,"{ caseId: v.id(""cases""), isInternal: v.optional(v.boolean()), paginationOpts: paginationOptsValidator, }","observed return expressions: result | { ...result, page: result.page.filter((msg) => !msg.isInternal), }",TBD,TBD,inventoried,TBD,TBD,restore Convex authority per rollback-runbook.md
communications,messages,markMessagesRead,mutation,convex/messages.ts:99,,messages,by_case,requireAuth,no explicit tenant scope detected,database patch,migrate,TBD,/api/v1 TBD,"{ caseId: v.id(""cases"") }",void/no explicit return,TBD,TBD,inventoried,TBD,TBD,restore Convex authority per rollback-runbook.md
communications,messages,sendMessage,mutation,convex/messages.ts:40,,messages | notifications,,requireAuth,no explicit tenant scope detected,inserts: messages|notifications | notification,migrate,TBD,/api/v1 TBD,"{ caseId: v.id(""cases""), content: v.string(), isInternal: v.boolean(), attachmentIds: v.array(v.string()), }",observed return expressions: msgId,TBD,TBD,inventoried,TBD,TBD,restore Convex authority per rollback-runbook.md
communications,notifications,createNotification,mutation,convex/notifications.ts:52,,notifications,,requireAuth,no explicit tenant scope detected,inserts: notifications | notification,migrate,TBD,/api/v1 TBD,"{ userId: v.id(""users""), title: v.string(), body: v.string(), type: v.union( v.literal(""hearing_reminder""), v.literal(""task_due""), v.literal(""invoice_sent""), v.literal(""payment_received""), v.literal(""document_request""), v.literal(""message""), v.literal(""system""), ), relatedId: v.optional(v.string()), link: v.optional(v.string()), }","observed return expressions: ctx.db.insert(""notifications"", { ...args, isRead: false })",TBD,TBD,inventoried,TBD,TBD,restore Convex authority per rollback-runbook.md
communications,notifications,listNotifications,query,convex/notifications.ts:5,,notifications | users,by_token | by_user,no explicit auth helper detected,no explicit tenant scope detected,notification,migrate,TBD,/api/v1 TBD,{},"observed return expressions: [] | ctx.db .query(""notifications"") .withIndex(""by_user"", (q) => q.eq(""userId"", user._id)) .order(""desc"") .take(50)",TBD,TBD,inventoried,TBD,TBD,restore Convex authority per rollback-runbook.md
communications,notifications,markAllRead,mutation,convex/notifications.ts:31,,notifications | users,by_token | by_user,no explicit auth helper detected,no explicit tenant scope detected,database patch | notification,migrate,TBD,/api/v1 TBD,{},observed return expressions: void,TBD,TBD,inventoried,TBD,TBD,restore Convex authority per rollback-runbook.md
communications,notifications,markRead,mutation,convex/notifications.ts:23,,,,requireAuth,no explicit tenant scope detected,database patch | notification,migrate,TBD,/api/v1 TBD,"{ notificationId: v.id(""notifications"") }",void/no explicit return,TBD,TBD,inventoried,TBD,TBD,restore Convex authority per rollback-runbook.md
knowledge,research,createNote,mutation,convex/research.ts:19,,researchNotes,,requireRole; roles=admin,no explicit tenant scope detected,inserts: researchNotes,migrate,TBD,/api/v1 TBD,"{ title: v.string(), category, tags: v.array(v.string()), content: v.string(), }","observed return expressions: ctx.db.insert(""researchNotes"", { ...args, authorId: user._id, })",TBD,TBD,inventoried,TBD,TBD,restore Convex authority per rollback-runbook.md
knowledge,research,deleteNote,mutation,convex/research.ts:51,,,,requireRole; roles=admin,no explicit tenant scope detected,database delete,migrate,TBD,/api/v1 TBD,"{ id: v.id(""researchNotes"") }",observed return expressions: { success: true },TBD,TBD,inventoried,TBD,TBD,restore Convex authority per rollback-runbook.md
knowledge,research,listNotes,query,convex/research.ts:10,,researchNotes,,requireAuth,no explicit tenant scope detected,,migrate,TBD,/api/v1 TBD,{},"observed return expressions: rows.sort((a, b) => b._creationTime - a._creationTime)",TBD,TBD,inventoried,TBD,TBD,restore Convex authority per rollback-runbook.md
knowledge,research,updateNote,mutation,convex/research.ts:35,,,,requireRole; roles=admin,no explicit tenant scope detected,database patch,migrate,TBD,/api/v1 TBD,"{ id: v.id(""researchNotes""), title: v.optional(v.string()), category: v.optional(category), tags: v.optional(v.array(v.string())), content: v.optional(v.string()), }",observed return expressions: { success: true },TBD,TBD,inventoried,TBD,TBD,restore Convex authority per rollback-runbook.md
administration,seed,seedDefaultFirm,mutation,convex/seed.ts:5,,cmsSettings | firms | legalPages | navigation | practiceAreas | sopTemplates,by_key | by_slug | by_slug,requireRole; roles=admin,tenant/resource scope detected,communication | inserts: cmsSettings|firms|legalPages|navigation|practiceAreas|sopTemplates,migrate,TBD,/api/v1 TBD,{},"observed return expressions: { success: true, firmId: firm._id }",TBD,TBD,inventoried,TBD,TBD,restore Convex authority per rollback-runbook.md
administration,settings,getSystemSettings,query,convex/settings.ts:31,,firmSettings,,no explicit auth helper detected,no explicit tenant scope detected,,migrate,TBD,/api/v1 TBD,{},"observed return expressions: DEFAULTS | { ...DEFAULTS, ...map, integrations: { ...DEFAULTS.integrations, ...(map.integrations || {}), }, }",TBD,TBD,inventoried,TBD,TBD,restore Convex authority per rollback-runbook.md
administration,settings,updateSystemSettings,mutation,convex/settings.ts:49,,firmSettings,by_key,requireRole; roles=admin,no explicit tenant scope detected,database patch | inserts: firmSettings,migrate,TBD,/api/v1 TBD,"{ defaultHourlyRate: v.optional(v.string()), vatRate: v.optional(v.string()), invoicePaymentTerms: v.optional(v.string()), defaultLanguage: v.optional(v.string()), clientPortalEnabled: v.optional(v.boolean()), onlineBookingEnabled: v.optional(v.boolean()), integrations: v.optional(v.any()), }",observed return expressions: { success: true },TBD,TBD,inventoried,TBD,TBD,restore Convex authority per rollback-runbook.md
documents,tags,createTag,mutation,convex/tags.ts:13,,documentTags,by_firm_name,requireFirmId|requirePermission; capabilities=documents.upload,tenant/resource scope detected,inserts: documentTags,migrate,TBD,/api/v1 TBD,"{ name: v.string(), color: v.optional(v.string()) }","observed return expressions: await ctx.db.insert(""documentTags"", { name: args.name, color: args.color || ""#e5e7eb"", // default gray firmId, }) | existing._id",TBD,TBD,inventoried,TBD,TBD,restore Convex authority per rollback-runbook.md
documents,tags,deleteTag,mutation,convex/tags.ts:34,,,,requireFirmId|requirePermission; capabilities=documents.delete,tenant/resource scope detected,database delete,migrate,TBD,/api/v1 TBD,"{ tagId: v.id(""documentTags"") }",void/no explicit return,TBD,TBD,inventoried,TBD,TBD,restore Convex authority per rollback-runbook.md
documents,tags,listTags,query,convex/tags.ts:5,,documentTags,by_firm,requireFirmId|requirePermission; capabilities=documents.read,tenant/resource scope detected,,migrate,TBD,/api/v1 TBD,{},"observed return expressions: await ctx.db.query(""documentTags"").withIndex(""by_firm"", (q) => q.eq(""firmId"", firmId)).collect()",TBD,TBD,inventoried,TBD,TBD,restore Convex authority per rollback-runbook.md
work-management,tasks,addComment,mutation,convex/tasks.ts:526,,taskComments,,requireRole; roles=admin,no explicit tenant scope detected,audit | inserts: taskComments,migrate,TBD,/api/v1 TBD,"{ taskId: v.id(""tasks""), content: v.string(), }",observed return expressions: id,TBD,TBD,inventoried,TBD,TBD,restore Convex authority per rollback-runbook.md
work-management,tasks,archiveTask,mutation,convex/tasks.ts:352,,,,requireRole; roles=admin,no explicit tenant scope detected,audit | database patch,migrate,TBD,/api/v1 TBD,"{ taskId: v.id(""tasks"") }",void/no explicit return,TBD,TBD,inventoried,TBD,TBD,restore Convex authority per rollback-runbook.md
work-management,tasks,createHearingPrepTasks,mutation,convex/tasks.ts:461,,tasks,by_hearing,requireRole; roles=admin,tenant/resource scope detected,audit | inserts: tasks | notification,migrate,TBD,/api/v1 TBD,"{ hearingId: v.id(""hearings""), assignedTo: v.optional(v.id(""users"")), }","observed return expressions: { created, skipped }",TBD,TBD,inventoried,TBD,TBD,restore Convex authority per rollback-runbook.md
work-management,tasks,createTask,mutation,convex/tasks.ts:240,,tasks,,requireRole; roles=admin,tenant/resource scope detected,audit | inserts: tasks | notification,migrate,TBD,/api/v1 TBD,"{ title: v.string(), description: v.optional(v.string()), caseId: v.optional(v.id(""cases"")), assignedTo: v.id(""users""), priority: taskPriority, category: v.optional(taskCategory), dueDate: v.optional(v.string()), dueDateBs: v.optional(v.string()), hearingId: v.optional(v.id(""hearings"")), documentId: v.optional(v.id(""documents"")), parentTaskId: v.optional(v.id(""tasks"")), watchers: v.optional(v.array(v.id(""users""))), clientVisible: v.optional(v.boolean()), isRecurring: v.optional(v.boolean()), recurrenceRule: v.optional(recurrenceRule), reminderAt: v.optional(v.string()), }",observed return expressions: taskId,TBD,TBD,inventoried,TBD,TBD,restore Convex authority per rollback-runbook.md
work-management,tasks,deleteTask,mutation,convex/tasks.ts:373,,taskComments | tasks,by_task | by_parent,requireRole; roles=admin,no explicit tenant scope detected,audit | database delete,migrate,TBD,/api/v1 TBD,"{ taskId: v.id(""tasks"") }",void/no explicit return,TBD,TBD,inventoried,TBD,TBD,restore Convex authority per rollback-runbook.md
work-management,tasks,listComments,query,convex/tasks.ts:515,,taskComments,by_task,requireAuth,no explicit tenant scope detected,,migrate,TBD,/api/v1 TBD,"{ taskId: v.id(""tasks"") }","observed return expressions: ctx.db .query(""taskComments"") .withIndex(""by_task"", (q) => q.eq(""taskId"", args.taskId)) .collect()",TBD,TBD,inventoried,TBD,TBD,restore Convex authority per rollback-runbook.md
work-management,tasks,listSopTemplates,query,convex/tasks.ts:392,,sopTemplates,by_practice,requireAuth,no explicit tenant scope detected,,migrate,TBD,/api/v1 TBD,{ practiceArea: v.optional(v.string()) },"observed return expressions: ctx.db .query(""sopTemplates"") .withIndex(""by_practice"", (q) => q.eq(""practiceArea"", args.practiceArea!)) .collect() | ctx.db.query(""sopTemplates"").collect()",TBD,TBD,inventoried,TBD,TBD,restore Convex authority per rollback-runbook.md
work-management,tasks,listTasks,query,convex/tasks.ts:117,,cases | clients | tasks,by_user | by_client | by_parent | by_hearing | by_case | by_assignee | by_status,requireAuth,tenant/resource scope detected,,migrate,TBD,/api/v1 TBD,"{ caseId: v.optional(v.id(""cases"")), assignedTo: v.optional(v.id(""users"")), status: v.optional(taskStatus), hearingId: v.optional(v.id(""hearings"")), parentTaskId: v.optional(v.id(""tasks"")), includeArchived: v.optional(v.boolean()), includeSubtasks: v.optional(v.boolean()), }","observed return expressions: [] | all.filter( (t) => !!t.clientVisible && !!t.caseId && caseIds.has(t.caseId) && !t.archivedAt && !t.parentTaskId, ) | tasks",TBD,TBD,inventoried,TBD,TBD,restore Convex authority per rollback-runbook.md
work-management,tasks,listWorkload,query,convex/tasks.ts:203,,tasks,,requireRole; roles=admin,tenant/resource scope detected,,migrate,TBD,/api/v1 TBD,{},"observed return expressions: Object.values(byAssignee).sort((a, b) => b.total - a.total)",TBD,TBD,inventoried,TBD,TBD,restore Convex authority per rollback-runbook.md
work-management,tasks,restoreTask,mutation,convex/tasks.ts:363,,,,requireRole; roles=admin,no explicit tenant scope detected,audit | database patch,migrate,TBD,/api/v1 TBD,"{ taskId: v.id(""tasks"") }",void/no explicit return,TBD,TBD,inventoried,TBD,TBD,restore Convex authority per rollback-runbook.md
work-management,tasks,runSop,mutation,convex/tasks.ts:406,,sopTemplates | tasks,by_key | by_case,requireRole; roles=admin,tenant/resource scope detected,audit | inserts: tasks | notification,migrate,TBD,/api/v1 TBD,"{ templateKey: v.string(), caseId: v.id(""cases""), assignedTo: v.optional(v.id(""users"")), }","observed return expressions: { created, skipped, label: template.label }",TBD,TBD,inventoried,TBD,TBD,restore Convex authority per rollback-runbook.md
work-management,tasks,scanOverdueReminders,mutation,convex/tasks.ts:584,,,,requireRole; roles=admin,no explicit tenant scope detected,,migrate,TBD,/api/v1 TBD,{},observed return expressions: sendOverdueRemindersHandler(ctx),TBD,TBD,inventoried,TBD,TBD,restore Convex authority per rollback-runbook.md
work-management,tasks,sendOverdueReminders,internalMutation,convex/tasks.ts:579,,,,no explicit auth helper detected,no explicit tenant scope detected,,migrate,TBD,internal service/worker TBD,{},implicit return: sendOverdueRemindersHandler(ctx),TBD,TBD,inventoried,TBD,TBD,restore Convex authority per rollback-runbook.md
work-management,tasks,updateTask,mutation,convex/tasks.ts:281,,,,requireRole; roles=admin,no explicit tenant scope detected,audit | database patch | notification,migrate,TBD,/api/v1 TBD,"{ taskId: v.id(""tasks""), title: v.optional(v.string()), status: v.optional(taskStatus), priority: v.optional(taskPriority), category: v.optional(v.union(taskCategory, v.null())), assignedTo: v.optional(v.id(""users"")), caseId: v.optional(v.union(v.id(""cases""), v.null())), dueDate: v.optional(v.union(v.string(), v.null())), dueDateBs: v.optional(v.union(v.string(), v.null())), description: v.optional(v.union(v.string(), v.null())), hearingId: v.optional(v.union(v.id(""hearings""), v.null())), documentId: v.optional(v.union(v.id(""documents""), v.null())), watchers: v.optional(v.array(v.id(""users""))), clientVisible: v.optional(v.boolean()), isRecurring: v.optional(v.boolean()), recurrenceRule: v.optional(v.union(recurrenceRule, v.null())), reminderAt: v.optional(v.union(v.string(), v.null())), }",void/no explicit return,TBD,TBD,inventoried,TBD,TBD,restore Convex authority per rollback-runbook.md
knowledge,templates,createTemplate,mutation,convex/templates.ts:29,,templates,,requireAuth,no explicit tenant scope detected,inserts: templates,migrate,TBD,/api/v1 TBD,"{ title: v.string(), description: v.optional(v.string()), category: v.union(v.literal(""vakalatnama""), v.literal(""firad_patra""), v.literal(""jawab""), v.literal(""prastab_patra""), v.literal(""retainer""), v.literal(""poa""), v.literal(""contract""), v.literal(""other"")), htmlContent: v.string(), variables: v.array(v.string()), }","observed return expressions: await ctx.db.insert(""templates"", { ...args, createdBy: user._id, })",TBD,TBD,inventoried,TBD,TBD,restore Convex authority per rollback-runbook.md
knowledge,templates,deleteTemplate,mutation,convex/templates.ts:71,,,,requireAuth,no explicit tenant scope detected,database delete,migrate,TBD,/api/v1 TBD,"{ id: v.id(""templates"") }",void/no explicit return,TBD,TBD,inventoried,TBD,TBD,restore Convex authority per rollback-runbook.md
knowledge,templates,getTemplate,query,convex/templates.ts:18,,,,requireAuth,no explicit tenant scope detected,,migrate,TBD,/api/v1 TBD,"{ id: v.id(""templates"") }",observed return expressions: await ctx.db.get(args.id),TBD,TBD,inventoried,TBD,TBD,restore Convex authority per rollback-runbook.md
knowledge,templates,listTemplates,query,convex/templates.ts:5,,templates,,requireAuth,tenant/resource scope detected,,migrate,TBD,/api/v1 TBD,{},"observed return expressions: await ctx.db.query(""templates"").order(""desc"").collect()",TBD,TBD,inventoried,TBD,TBD,restore Convex authority per rollback-runbook.md
knowledge,templates,seedTemplates,mutation,convex/templates.ts:83,,templates,,requireAuth,no explicit tenant scope detected,inserts: templates,migrate,TBD,/api/v1 TBD,{},observed return expressions: void,TBD,TBD,inventoried,TBD,TBD,restore Convex authority per rollback-runbook.md
knowledge,templates,updateTemplate,mutation,convex/templates.ts:50,,,,requireAuth,no explicit tenant scope detected,database patch,migrate,TBD,/api/v1 TBD,"{ id: v.id(""templates""), title: v.string(), description: v.optional(v.string()), category: v.union(v.literal(""vakalatnama""), v.literal(""firad_patra""), v.literal(""jawab""), v.literal(""prastab_patra""), v.literal(""retainer""), v.literal(""poa""), v.literal(""contract""), v.literal(""other"")), htmlContent: v.string(), variables: v.array(v.string()), }",observed return expressions: id,TBD,TBD,inventoried,TBD,TBD,restore Convex authority per rollback-runbook.md
timeEntries,timeEntries,createTimeEntry,mutation,convex/timeEntries.ts:23,,timeEntries,,requireRole; roles=admin,no explicit tenant scope detected,inserts: timeEntries,migrate,TBD,/api/v1 TBD,"{ caseId: v.id(""cases""), description: v.string(), minutes: v.number(), isBillable: v.boolean(), date: v.string(), ratePerHour: v.number(), }","observed return expressions: ctx.db.insert(""timeEntries"", { ...args, userId: user._id })",TBD,TBD,inventoried,TBD,TBD,restore Convex authority per rollback-runbook.md
timeEntries,timeEntries,deleteTimeEntry,mutation,convex/timeEntries.ts:38,,,,requireRole; roles=admin,no explicit tenant scope detected,database delete,migrate,TBD,/api/v1 TBD,"{ entryId: v.id(""timeEntries"") }",void/no explicit return,TBD,TBD,inventoried,TBD,TBD,restore Convex authority per rollback-runbook.md
timeEntries,timeEntries,listTimeEntries,query,convex/timeEntries.ts:5,,timeEntries,by_case | by_user,no explicit auth helper detected,no explicit tenant scope detected,,migrate,TBD,/api/v1 TBD,"{ caseId: v.optional(v.id(""cases"")), userId: v.optional(v.id(""users"")), }","observed return expressions: ctx.db.query(""timeEntries"").collect() | ctx.db.query(""timeEntries"").withIndex(""by_case"", (q) => q.eq(""caseId"", args.caseId!)).collect() | ctx.db.query(""timeEntries"").withIndex(""by_user"", (q) => q.eq(""userId"", args.userId!)).collect()",TBD,TBD,inventoried,TBD,TBD,restore Convex authority per rollback-runbook.md
identity,users,activateAccount,mutation,convex/users.ts:690,,auditLog | users,by_activation,no explicit auth helper detected,tenant/resource scope detected,audit | communication | database patch | inserts: auditLog,migrate,TBD,/api/v1 TBD,"{ token: v.string(), password: v.optional(v.string()), name: v.optional(v.string()), }","observed return expressions: { success: true, userId: user._id, role: user.role }",TBD,TBD,inventoried,TBD,TBD,restore Convex authority per rollback-runbook.md
identity,users,archiveUser,mutation,convex/users.ts:467,,cases | sessions,by_user,requireRole; roles=admin,no explicit tenant scope detected,audit | communication | database delete | database patch,migrate,TBD,/api/v1 TBD,"{ userId: v.id(""users""), hardDelete: v.optional(v.boolean()), }","observed return expressions: { success: true, mode: ""hard"" as const } | { success: true, mode: ""soft"" as const }",TBD,TBD,inventoried,TBD,TBD,restore Convex authority per rollback-runbook.md
identity,users,beginTotpEnrollment,mutation,convex/users.ts:823,,,,requireAuth,no explicit tenant scope detected,communication | database patch,migrate,TBD,/api/v1 TBD,{},"observed return expressions: { secret, otpauthUrl: buildOtpAuthUri(secret, account), }",TBD,TBD,inventoried,TBD,TBD,restore Convex authority per rollback-runbook.md
identity,users,bulkUpdateUsers,mutation,convex/users.ts:530,,,,requireRole; roles=admin,no explicit tenant scope detected,audit | communication | database patch,migrate,TBD,/api/v1 TBD,"{ userIds: v.array(v.id(""users"")), action: v.union( v.literal(""suspend""), v.literal(""reactivate""), v.literal(""resend_invite""), ), }","observed return expressions: { success: true, count }",TBD,TBD,inventoried,TBD,TBD,restore Convex authority per rollback-runbook.md
identity,users,changePassword,mutation,convex/users.ts:794,,,,requireAuth,no explicit tenant scope detected,audit | database patch,migrate,TBD,/api/v1 TBD,"{ currentPassword: v.string(), newPassword: v.string(), }","observed return expressions: { success: true, message: user.passwordHash ? ""Password updated."" : ""Local password set. Primary sign-in may still use your identity provider."", }",TBD,TBD,inventoried,TBD,TBD,restore Convex authority per rollback-runbook.md
identity,users,confirmTotpEnrollment,mutation,convex/users.ts:837,,,,requireAuth,no explicit tenant scope detected,audit | database patch,migrate,TBD,/api/v1 TBD,{ code: v.string() },observed return expressions: { success: true },TBD,TBD,inventoried,TBD,TBD,restore Convex authority per rollback-runbook.md
identity,users,createUser,mutation,convex/users.ts:301,,users,by_email,requireFirmId|requireRole; roles=admin,tenant/resource scope detected,audit | communication | inserts: users,migrate,TBD,/api/v1 TBD,"{ name: v.string(), email: v.optional(v.string()), role: roleValidator, isPublicFacing: v.optional(v.boolean()), phone: v.optional(v.string()), barCouncilNumber: v.optional(v.string()), barCouncilExpiry: v.optional(v.string()), practiceAreas: v.optional(v.array(v.string())), /** When false, create active user without invite (CMS team). Default true. */ invite: v.optional(v.boolean()), }","observed return expressions: { id, activationToken: token, inviteExpiresAt: sendInvite ? new Date(now.getTime() + INVITE_TTL_MS).toISOString() : undefined }",TBD,TBD,inventoried,TBD,TBD,restore Convex authority per rollback-runbook.md
identity,users,deleteUser,mutation,convex/users.ts:508,,sessions,by_user,requireRole; roles=admin,no explicit tenant scope detected,audit | communication | database delete | database patch,migrate,TBD,/api/v1 TBD,"{ userId: v.id(""users"") }",observed return expressions: { success: true },TBD,TBD,inventoried,TBD,TBD,restore Convex authority per rollback-runbook.md
identity,users,disableTotp,mutation,convex/users.ts:850,,,,requireAuth,no explicit tenant scope detected,audit | database patch,migrate,TBD,/api/v1 TBD,{ code: v.string() },observed return expressions: { success: true },TBD,TBD,inventoried,TBD,TBD,restore Convex authority per rollback-runbook.md
identity,users,generateAvatarUploadUrl,mutation,convex/users.ts:640,,,,requireAuth,no explicit tenant scope detected,storage: generateUploadUrl,migrate,TBD,/api/v1 TBD,{},observed return expressions: ctx.storage.generateUploadUrl(),TBD,TBD,inventoried,TBD,TBD,restore Convex authority per rollback-runbook.md
identity,users,getCurrentUser,query,convex/users.ts:200,,users,by_token,no explicit auth helper detected,no explicit tenant scope detected,,migrate,TBD,/api/v1 TBD,{},"observed return expressions: await ctx.db .query(""users"") .withIndex(""by_token"", (q) => q.eq(""tokenIdentifier"", identity.tokenIdentifier)) .unique() | null",TBD,TBD,inventoried,TBD,TBD,restore Convex authority per rollback-runbook.md
identity,users,getMyAuditLog,query,convex/users.ts:883,,auditLog,by_user,requireAuth,no explicit tenant scope detected,audit,migrate,TBD,/api/v1 TBD,{},"observed return expressions: logs.sort((a, b) => b._creationTime - a._creationTime).slice(0, 30)",TBD,TBD,inventoried,TBD,TBD,restore Convex authority per rollback-runbook.md
identity,users,getRolePermissions,query,convex/users.ts:267,,firmSettings,by_firm_key,requireFirmId|requireRole; roles=admin,tenant/resource scope detected,,migrate,TBD,/api/v1 TBD,{},observed return expressions: (override?.value as typeof DEFAULT_ROLE_PERMISSIONS) || DEFAULT_ROLE_PERMISSIONS,TBD,TBD,inventoried,TBD,TBD,restore Convex authority per rollback-runbook.md
identity,users,getUserActivity,query,convex/users.ts:241,,auditLog,by_user | by_resource,requireRole; roles=admin,no explicit tenant scope detected,audit,migrate,TBD,/api/v1 TBD,"{ userId: v.id(""users"") }","observed return expressions: unique.sort((a, b) => b._creationTime - a._creationTime).slice(0, 20)",TBD,TBD,inventoried,TBD,TBD,restore Convex authority per rollback-runbook.md
identity,users,listMySessions,query,convex/users.ts:755,,sessions,by_user,requireAuth,no explicit tenant scope detected,,migrate,TBD,/api/v1 TBD,{},"observed return expressions: ctx.db .query(""sessions"") .withIndex(""by_user"", (q) => q.eq(""userId"", user._id)) .collect()",TBD,TBD,inventoried,TBD,TBD,restore Convex authority per rollback-runbook.md
identity,users,listSessions,query,convex/users.ts:740,,sessions,by_user,requireAuth,no explicit tenant scope detected,,migrate,TBD,/api/v1 TBD,"{ userId: v.optional(v.id(""users"")) }","observed return expressions: ctx.db .query(""sessions"") .withIndex(""by_user"", (q) => q.eq(""userId"", targetId)) .collect()",TBD,TBD,inventoried,TBD,TBD,restore Convex authority per rollback-runbook.md
identity,users,listStaffDirectory,query,convex/users.ts:225,,users,,requireAuth,no explicit tenant scope detected,communication,migrate,TBD,/api/v1 TBD,{},"observed return expressions: users .filter((u) => STAFF_ROLES.includes(u.role) && u.isActive && !u.isPending) .map((u) => ({ _id: u._id, name: u.name, role: u.role, email: u.email, }))",TBD,TBD,inventoried,TBD,TBD,restore Convex authority per rollback-runbook.md
identity,users,listUsers,query,convex/users.ts:214,,users,,requireRole; roles=admin,no explicit tenant scope detected,,migrate,TBD,/api/v1 TBD,{ role: v.optional(v.string()) },observed return expressions: users | users.filter((u) => u.role === args.role),TBD,TBD,inventoried,TBD,TBD,restore Convex authority per rollback-runbook.md
identity,users,resendInvitation,mutation,convex/users.ts:375,,,,requireRole; roles=admin,no explicit tenant scope detected,audit | communication | database patch,migrate,TBD,/api/v1 TBD,"{ userId: v.id(""users"") }","observed return expressions: { success: true, activationToken: token, inviteExpiresAt: expires }",TBD,TBD,inventoried,TBD,TBD,restore Convex authority per rollback-runbook.md
identity,users,revokeAllSessions,mutation,convex/users.ts:780,,sessions,by_user,requireRole; roles=admin,no explicit tenant scope detected,audit | database delete,migrate,TBD,/api/v1 TBD,"{ userId: v.id(""users"") }","observed return expressions: { success: true, count: sessions.length }",TBD,TBD,inventoried,TBD,TBD,restore Convex authority per rollback-runbook.md
identity,users,revokeSession,mutation,convex/users.ts:766,,,,requireAuth,no explicit tenant scope detected,audit | database delete,migrate,TBD,/api/v1 TBD,"{ sessionId: v.id(""sessions"") }",observed return expressions: void,TBD,TBD,inventoried,TBD,TBD,restore Convex authority per rollback-runbook.md
identity,users,saveRolePermissions,mutation,convex/users.ts:280,,firmSettings,by_firm_key,requireFirmId|requireRole; roles=admin,tenant/resource scope detected,audit | database patch | inserts: firmSettings,migrate,TBD,/api/v1 TBD,{ permissions: v.any() },observed return expressions: { success: true },TBD,TBD,inventoried,TBD,TBD,restore Convex authority per rollback-runbook.md
identity,users,sendPasswordReset,mutation,convex/users.ts:670,,,,requireRole; roles=admin,no explicit tenant scope detected,audit | communication | database patch,migrate,TBD,/api/v1 TBD,"{ userId: v.id(""users"") }","observed return expressions: { success: true, token }",TBD,TBD,inventoried,TBD,TBD,restore Convex authority per rollback-runbook.md
identity,users,setAvatarFromStorage,mutation,convex/users.ts:648,,,,requireAuth,no explicit tenant scope detected,database patch | storage: getUrl,migrate,TBD,/api/v1 TBD,{ storageId: v.string() },"observed return expressions: { success: true, url }",TBD,TBD,inventoried,TBD,TBD,restore Convex authority per rollback-runbook.md
identity,users,toggle2FA,mutation,convex/users.ts:868,,,,requireAuth,no explicit tenant scope detected,database patch,migrate,TBD,/api/v1 TBD,{ enabled: v.boolean() },observed return expressions: { success: true },TBD,TBD,inventoried,TBD,TBD,restore Convex authority per rollback-runbook.md
identity,users,togglePublicStatus,mutation,convex/users.ts:659,,,,requireRole; roles=admin,no explicit tenant scope detected,database patch,migrate,TBD,/api/v1 TBD,"{ userId: v.id(""users""), isPublicFacing: v.boolean(), }",void/no explicit return,TBD,TBD,inventoried,TBD,TBD,restore Convex authority per rollback-runbook.md
identity,users,updateCurrentUser,mutation,convex/users.ts:89,,firms | sessions | users,by_token | by_email | by_user,no explicit auth helper detected,tenant/resource scope detected,audit | communication | database patch | inserts: sessions|users,migrate,TBD,/api/v1 TBD,{},"observed return expressions: { id, role: ""client"" } | { id: user._id, role: user.role }",TBD,TBD,inventoried,TBD,TBD,restore Convex authority per rollback-runbook.md
identity,users,updateOwnProfile,mutation,convex/users.ts:620,,,,requireAuth,no explicit tenant scope detected,audit | database patch,migrate,TBD,/api/v1 TBD,"{ name: v.optional(v.string()), phone: v.optional(v.string()), bio: v.optional(v.string()), avatar: v.optional(v.string()), }",observed return expressions: { success: true },TBD,TBD,inventoried,TBD,TBD,restore Convex authority per rollback-runbook.md
identity,users,updateProfile,mutation,convex/users.ts:589,,,,requireRole; roles=admin,no explicit tenant scope detected,database patch,migrate,TBD,/api/v1 TBD,"{ userId: v.id(""users""), name: v.optional(v.string()), role: v.optional(roleValidator), bio: v.optional(v.string()), longBio: v.optional(v.string()), avatarUrl: v.optional(v.string()), linkedinUrl: v.optional(v.string()), twitterUrl: v.optional(v.string()), publicEmail: v.optional(v.string()), barCouncilNumber: v.optional(v.string()), isPublicFacing: v.optional(v.boolean()), practiceAreas: v.optional(v.array(v.string())), notableCases: v.optional(v.array(v.string())), education: v.optional(v.array(v.object({ degree: v.string(), institution: v.string(), year: v.string(), }))), }",void/no explicit return,TBD,TBD,inventoried,TBD,TBD,restore Convex authority per rollback-runbook.md
identity,users,updateUser,mutation,convex/users.ts:406,,sessions,by_user,requireRole; roles=admin,no explicit tenant scope detected,audit | database delete | database patch,migrate,TBD,/api/v1 TBD,"{ userId: v.id(""users""), name: v.optional(v.string()), email: v.optional(v.string()), phone: v.optional(v.string()), role: v.optional(roleValidator), barCouncilNumber: v.optional(v.string()), barCouncilExpiry: v.optional(v.string()), practiceAreas: v.optional(v.array(v.string())), isActive: v.optional(v.boolean()), twoFactorRequired: v.optional(v.boolean()), }",void/no explicit return,TBD,TBD,inventoried,TBD,TBD,restore Convex authority per rollback-runbook.md
